year,ORIGIN,flights,cancelled,delayed15,dep_delay_sum,dep_delay_n
2014,ABE,1638,65,241,14425.0,1575
2014,ABI,2832,125,579,29491.0,2714
2014,ABQ,24635,315,5390,274926.0,24330
2014,ABR,752,18,80,921.0,735
2014,ABY,1003,21,170,6142.0,982
2014,ACK,397,4,74,1746.0,393
2014,ACT,1762,79,359,13154.0,1683
2014,ACV,3060,273,738,44743.0,2793
2014,ACY,491,13,92,5763.0,478
2014,ADK,104,6,28,383.0,98
2014,ADQ,536,32,61,-1154.0,504
2014,AEX,3425,134,641,32188.0,3293
2014,AGS,2655,55,481,19647.0,2602
2014,AKN,63,0,20,259.0,63
2014,ALB,7994,206,1525,73350.0,7792
2014,ALO,678,57,187,6627.0,621
2014,AMA,7263,237,1715,87887.0,7032
2014,ANC,16788,111,2074,41939.0,16712
2014,APN,626,16,69,77.0,610
2014,ART,237,37,71,1734.0,201
2014,ASE,4568,596,1190,66598.0,3981
2014,ATL,369779,5977,66898,3522550.0,363968
2014,ATW,2710,182,711,33425.0,2530
2014,AUS,43098,484,8668,452045.0,42628
2014,AVL,3395,114,670,31567.0,3282
2014,AVP,1697,85,296,16156.0,1616
2014,AZO,1829,114,292,6428.0,1717
2014,BDL,21783,467,4031,150435.0,21326
2014,BET,978,12,119,-1408.0,966
2014,BFL,3318,105,496,15207.0,3220
2014,BGR,824,44,113,4846.0,781
2014,BHM,14028,336,2977,162077.0,13696
2014,BIL,3242,39,328,5774.0,3204
2014,BIS,2307,88,422,16617.0,2221
2014,BJI,730,20,49,686.0,710
2014,BKG,670,22,142,7694.0,648
2014,BLI,923,5,123,882.0,919
2014,BMI,3136,135,648,24599.0,3004
2014,BNA,55670,1266,12949,678366.0,54427
2014,BOI,11228,119,2024,90398.0,11116
2014,BOS,110636,2316,21797,858572.0,108407
2014,BPT,1067,57,274,14318.0,1012
2014,BQK,1016,28,268,9872.0,988
2014,BQN,1407,24,266,10092.0,1385
2014,BRD,905,31,161,4493.0,875
2014,BRO,2444,94,503,20995.0,2350
2014,BRW,932,21,199,5826.0,911
2014,BTM,763,25,37,-1433.0,738
2014,BTR,8474,333,1943,104489.0,8148
2014,BTV,4198,212,883,48404.0,3990
2014,BUF,18383,612,3306,153837.0,17786
2014,BUR,21183,427,3650,152708.0,20764
2014,BWI,90851,1588,23826,1269405.0,89296
2014,BZN,4020,47,612,27127.0,3977
2014,CAE,7033,323,1554,84317.0,6720
2014,CAK,6824,149,1092,45141.0,6678
2014,CDC,654,6,48,-566.0,649
2014,CDV,724,6,103,-1334.0,718
2014,CEC,963,89,310,20858.0,874
2014,CHA,3918,86,760,34789.0,3834
2014,CHO,2040,75,477,22310.0,1965
2014,CHS,13772,451,2740,137701.0,13329
2014,CIC,1000,75,260,14731.0,925
2014,CID,6569,322,1781,84098.0,6261
2014,CIU,277,20,45,2971.0,258
2014,CLD,2498,58,417,11790.0,2441
2014,CLE,37465,1282,7804,391988.0,36216
2014,CLL,2704,110,457,15873.0,2596
2014,CLT,112243,1925,22943,917521.0,110396
2014,CMH,27081,844,6346,317017.0,26274
2014,CMI,2416,141,672,26562.0,2279
2014,CMX,732,87,179,11893.0,646
2014,CNY,521,4,13,-1946.0,517
2014,COD,865,44,129,3663.0,822
2014,COS,9143,254,1891,101181.0,8901
2014,COU,1353,42,357,12438.0,1312
2014,CPR,2367,63,384,9688.0,2308
2014,CRP,6676,221,1564,78848.0,6458
2014,CRW,3148,185,739,43138.0,2965
2014,CSG,1330,47,271,12737.0,1285
2014,CVG,20766,670,4411,202298.0,20120
2014,CWA,1400,113,377,15587.0,1289
2014,DAB,1613,17,232,11914.0,1596
2014,DAL,48308,654,12928,720462.0,47669
2014,DAY,9629,428,2017,93687.0,9208
2014,DBQ,900,62,190,7745.0,839
2014,DCA,72525,2269,13555,510294.0,70357
2014,DEN,224205,3140,59799,3114421.0,221277
2014,DFW,278309,6830,69953,3344062.0,271788
2014,DHN,1378,31,252,10222.0,1347
2014,DIK,1679,62,350,11403.0,1617
2014,DLG,77,0,37,1173.0,77
2014,DLH,1870,111,473,23964.0,1762
2014,DRO,2057,81,409,13523.0,1979
2014,DSM,9916,384,2600,121298.0,9534
2014,DTW,105980,1866,19685,937765.0,104225
2014,DVL,337,10,73,3066.0,327
2014,EAU,730,66,168,8070.0,666
2014,ECP,4107,47,668,33129.0,4060
2014,EGE,1200,40,318,27939.0,1162
2014,EKO,969,9,56,-201.0,960
2014,ELM,1962,63,365,17336.0,1900
2014,ELP,17202,260,3427,173345.0,16954
2014,ERI,407,20,111,6107.0,387
2014,ESC,51,6,9,667.0,45
2014,EUG,5228,182,932,37808.0,5050
2014,EVV,3232,163,783,32311.0,3074
2014,EWN,798,21,125,6227.0,777
2014,EWR,110356,4814,27438,1577205.0,105649
2014,EYW,3898,56,435,5823.0,3844
2014,FAI,2617,13,372,7047.0,2606
2014,FAR,5209,251,1261,55977.0,4964
2014,FAT,10465,185,2119,108803.0,10288
2014,FAY,2118,59,367,19598.0,2063
2014,FCA,2070,28,272,6282.0,2043
2014,FLG,1835,61,228,2057.0,1775
2014,FLL,64117,875,13708,788798.0,63258
2014,FNT,4307,100,717,29446.0,4207
2014,FOE,449,28,123,7183.0,421
2014,FSD,6920,307,1689,80274.0,6621
2014,FSM,2454,87,464,14238.0,2369
2014,FWA,3942,253,927,40261.0,3695
2014,GCC,1447,42,174,8760.0,1407
2014,GCK,729,16,162,10322.0,713
2014,GEG,9221,55,1187,41951.0,9171
2014,GFK,771,14,83,863.0,757
2014,GGG,709,45,174,4440.0,664
2014,GJT,3712,79,483,11485.0,3634
2014,GNV,2652,50,503,20144.0,2604
2014,GPT,4292,208,826,33349.0,4084
2014,GRB,4963,324,1063,41576.0,4644
2014,GRI,676,18,138,3846.0,658
2014,GRK,4786,230,802,33256.0,4561
2014,GRR,11510,439,2576,116561.0,11084
2014,GSO,8836,370,1723,81913.0,8478
2014,GSP,7364,288,1559,78003.0,7079
2014,GST,77,9,31,767.0,68
2014,GTF,1971,25,228,3332.0,1949
2014,GTR,1014,31,183,8069.0,988
2014,GUC,646,32,163,9306.0,615
2014,GUM,365,6,102,6872.0,360
2014,HDN,647,19,153,6424.0,628
2014,HIB,633,19,41,133.0,615
2014,HLN,1468,8,103,-404.0,1460
2014,HNL,46313,179,3880,76034.0,46152
2014,HOB,621,26,93,3334.0,595
2014,HOU,59506,955,15935,917037.0,58577
2014,HPN,7721,474,1809,82023.0,7256
2014,HRL,3792,75,668,36252.0,3722
2014,HSV,6336,243,1221,58810.0,6097
2014,HYA,76,1,13,355.0,75
2014,HYS,262,16,20,167.0,246
2014,IAD,58097,2032,14709,858196.0,56160
2014,IAH,174210,3744,39520,2034888.0,170615
2014,ICT,9201,332,2033,94918.0,8873
2014,IDA,2990,59,326,5148.0,2936
2014,ILG,706,4,221,13485.0,702
2014,ILM,2306,61,409,16405.0,2248
2014,IMT,679,29,106,3579.0,650
2014,IND,28527,786,5916,291617.0,27761
2014,INL,646,21,81,2511.0,627
2014,ISN,2816,105,475,23258.0,2713
2014,ISP,4959,103,1154,72448.0,4856
2014,ITO,6081,20,388,-10720.0,6065
2014,JAC,3565,75,728,32102.0,3491
2014,JAN,8092,280,1905,84469.0,7818
2014,JAX,21993,468,3970,182762.0,21530
2014,JFK,100560,2319,23070,1075450.0,98350
2014,JLN,709,25,168,6181.0,684
2014,JMS,518,29,100,2608.0,489
2014,JNU,4288,112,629,13407.0,4183
2014,KOA,10992,30,855,7925.0,10966
2014,KTN,2387,42,460,10744.0,2348
2014,LAN,1777,120,423,22544.0,1658
2014,LAR,728,39,161,7338.0,691
2014,LAS,137055,1115,30469,1633895.0,135967
2014,LAW,1516,94,240,6379.0,1422
2014,LAX,221932,2493,45778,2187771.0,219542
2014,LBB,6496,160,1265,63869.0,6338
2014,LCH,2042,64,319,11770.0,1980
2014,LEX,5764,261,1396,60517.0,5506
2014,LFT,6408,250,1327,54945.0,6164
2014,LGA,106966,4672,24488,1077703.0,102455
2014,LGB,11546,130,1693,53521.0,11423
2014,LIH,11164,56,751,-10103.0,11114
2014,LIT,13920,453,3662,180856.0,13475
2014,LMT,310,21,12,220.0,291
2014,LNK,2444,137,606,31151.0,2308
2014,LRD,2398,107,436,16983.0,2298
2014,LSE,1175,63,269,11596.0,1114
2014,LWS,649,10,23,-1941.0,640
2014,MAF,9949,288,2024,103159.0,9673
2014,MBS,1475,119,367,13879.0,1357
2014,MCI,44767,824,9192,477797.0,43957
2014,MCN,1,0,1,67.0,1
2014,MCO,110417,1249,23924,1398689.0,109200
2014,MDT,4012,150,835,40894.0,3870
2014,MDW,88501,2521,25568,1525966.0,85998
2014,MEI,150,3,41,1988.0,147
2014,MEM,15038,445,3084,147085.0,14605
2014,MFE,4448,116,775,31744.0,4336
2014,MFR,3119,179,614,38140.0,2942
2014,MGM,3543,119,696,31075.0,3424
2014,MHK,1782,69,412,12886.0,1713
2014,MHT,6754,193,1095,52509.0,6562
2014,MIA,82224,835,15582,632621.0,81433
2014,MKE,33654,952,7440,357644.0,32723
2014,MKG,729,61,215,8955.0,668
2014,MLB,1384,18,192,9077.0,1366
2014,MLI,4598,245,1171,49638.0,4360
2014,MLU,3277,114,678,27751.0,3167
2014,MMH,241,48,60,2382.0,194
2014,MOB,5551,223,1173,56492.0,5335
2014,MOD,465,28,107,4995.0,437
2014,MOT,1594,54,282,9742.0,1540
2014,MQT,314,15,133,6107.0,299
2014,MRY,4632,252,788,31444.0,4383
2014,MSN,10620,500,2210,92400.0,10132
2014,MSO,3432,53,484,17179.0,3381
2014,MSP,106218,1356,19631,832173.0,104928
2014,MSY,40490,595,7892,404913.0,39903
2014,MTJ,970,48,232,10050.0,923
2014,MVY,161,3,41,2478.0,158
2014,MYR,1717,24,264,12215.0,1693
2014,OAJ,1401,41,249,12728.0,1360
2014,OAK,43265,583,10111,508740.0,42692
2014,OGG,21955,114,1762,26356.0,21847
2014,OKC,20723,468,4370,208432.0,20266
2014,OMA,19709,498,3659,176885.0,19224
2014,OME,721,21,116,2830.0,700
2014,ONT,20487,290,4010,177823.0,20203
2014,ORD,287036,13454,85294,4582280.0,274071
2014,ORF,11807,393,2361,121649.0,11430
2014,ORH,731,47,134,2713.0,687
2014,OTH,376,33,135,7109.0,343
2014,OTZ,718,13,112,1734.0,706
2014,PAH,730,66,149,6168.0,666
2014,PBI,22521,429,4854,282929.0,22098
2014,PDX,53335,404,7925,302421.0,52955
2014,PHF,2064,43,417,19581.0,2023
2014,PHL,72835,1393,17097,746957.0,71541
2014,PHX,160475,1136,33293,1503252.0,159413
2014,PIA,4031,225,948,39398.0,3812
2014,PIB,94,2,19,1412.0,92
2014,PIH,1108,10,69,-2436.0,1098
2014,PIT,28288,523,4844,205230.0,27780
2014,PLN,429,11,39,1323.0,418
2014,PNS,8185,262,1485,59083.0,7925
2014,PPG,112,0,36,2065.0,112
2014,PSC,2932,40,313,4075.0,2895
2014,PSE,806,24,111,2238.0,782
2014,PSG,726,12,118,2053.0,714
2014,PSP,11536,198,2313,117179.0,11355
2014,PUB,472,15,126,5980.0,457
2014,PVD,12152,256,2026,83011.0,11905
2014,PWM,5164,223,1012,44419.0,4944
2014,RAP,3768,150,781,36805.0,3627
2014,RDD,1093,97,237,15316.0,997
2014,RDM,3099,129,439,16618.0,2975
2014,RDU,38813,1156,7509,355739.0,37700
2014,RHI,1044,55,172,1485.0,991
2014,RIC,17385,676,3342,164398.0,16727
2014,RKS,1717,61,196,-164.0,1662
2014,RNO,15339,199,2824,131559.0,15146
2014,ROA,2488,127,564,36867.0,2362
2014,ROC,8366,368,1924,90987.0,8007
2014,ROW,1045,40,239,8054.0,1007
2014,RST,1629,89,384,12963.0,1542
2014,RSW,26641,384,4843,252760.0,26268
2014,SAF,1995,75,456,19119.0,1922
2014,SAN,76731,1010,15422,717945.0,75749
2014,SAT,33928,458,6555,316067.0,33485
2014,SAV,9182,345,2029,113059.0,8844
2014,SBA,8318,331,1684,84203.0,7994
2014,SBN,4918,252,1015,38054.0,4670
2014,SBP,4775,204,1068,50996.0,4576
2014,SCC,934,25,170,1674.0,909
2014,SCE,720,49,175,10890.0,671
2014,SDF,14415,434,3261,175671.0,13997
2014,SEA,108714,502,17618,686308.0,108237
2014,SFO,166893,4257,38572,2108612.0,162720
2014,SGF,6710,256,1723,84170.0,6462
2014,SGU,1799,4,156,3965.0,1795
2014,SHV,6871,249,1644,92155.0,6627
2014,SIT,1275,9,189,6676.0,1268
2014,SJC,42303,428,7830,359637.0,41884
2014,SJT,1772,90,325,13452.0,1684
2014,SJU,25903,280,4907,232390.0,25633
2014,SLC,108586,573,14247,498697.0,108082
2014,SMF,42107,579,7919,383680.0,41546
2014,SMX,1221,21,160,3186.0,1204
2014,SNA,39141,468,7103,322770.0,38688
2014,SPI,1778,130,451,20868.0,1652
2014,SPN,1,0,0,-5.0,1
2014,SPS,1449,84,242,7693.0,1365
2014,SRQ,3757,70,724,46996.0,3690
2014,STC,467,28,158,7545.0,439
2014,STL,52418,1014,12438,651804.0,51424
2014,STT,4196,46,672,27161.0,4150
2014,STX,926,4,136,2766.0,922
2014,SUN,1101,100,160,6210.0,1002
2014,SUX,737,42,229,6258.0,700
2014,SWF,750,17,166,6029.0,734
2014,SYR,6463,322,1443,65009.0,6149
2014,TLH,4422,110,840,36094.0,4316
2014,TOL,1016,60,229,6157.0,958
2014,TPA,64873,723,12581,700072.0,64165
2014,TRI,2137,38,309,11853.0,2102
2014,TTN,3103,32,870,50828.0,3073
2014,TUL,18252,504,3770,174734.0,17758
2014,TUS,16499,178,2927,125588.0,16328
2014,TVC,2540,154,547,25163.0,2388
2014,TWF,1014,22,89,-1701.0,992
2014,TXK,1051,49,189,7258.0,1003
2014,TYR,2657,122,492,18810.0,2537
2014,TYS,8733,357,2139,112838.0,8385
2014,UST,176,4,69,4145.0,172
2014,VEL,518,10,25,-2392.0,509
2014,VLD,1023,30,173,7028.0,994
2014,VPS,5062,188,956,41353.0,4879
2014,WRG,726,14,105,487.0,712
2014,WYS,269,3,15,-126.0,267
2014,XNA,10479,440,2742,141303.0,10047
2014,YAK,724,6,94,-1335.0,718
2014,YUM,2938,50,294,6620.0,2892
2015,ABE,2513,39,442,22017.0,2475
2015,ABI,2530,104,380,13721.0,2430
2015,ABQ,21008,219,3653,179326.0,20796
2015,ABR,742,9,131,6803.0,733
2015,ABY,963,9,169,8453.0,954
2015,ACK,520,6,107,8605.0,514
2015,ACT,1760,80,273,11159.0,1686
2015,ACV,1442,54,310,16718.0,1389
2015,ACY,3820,41,801,35112.0,3779
2015,ADK,105,7,42,1107.0,98
2015,ADQ,491,26,60,125.0,465
2015,AEX,3428,90,646,28908.0,3340
2015,AGS,2584,15,499,20042.0,2569
2015,AKN,63,0,14,169.0,63
2015,ALB,8193,119,1076,51235.0,8077
2015,ALO,674,35,101,2917.0,640
2015,AMA,4521,137,781,30543.0,4390
2015,ANC,17239,130,2130,55681.0,17134
2015,APN,626,29,79,2642.0,598
2015,ASE,3621,277,974,58031.0,3348
2015,ATL,379424,2588,59408,3354513.0,376945
2015,ATW,3108,84,570,16522.0,3028
2015,AUS,46088,720,7623,454594.0,45387
2015,AVL,3029,66,512,27242.0,2965
2015,AVP,1472,28,256,12768.0,1444
2015,AZO,1966,103,313,6051.0,1866
2015,BDL,20513,368,3035,143901.0,20150
2015,BET,980,16,138,1629.0,964
2015,BFL,2820,42,423,15088.0,2781
2015,BGM,324,3,52,3024.0,321
2015,BGR,393,3,51,2682.0,390
2015,BHM,13660,184,2266,119268.0,13481
2015,BIL,3130,14,305,3531.0,3119
2015,BIS,3792,61,626,24486.0,3733
2015,BJI,729,3,77,3590.0,726
2015,BLI,711,3,72,-43.0,709
2015,BMI,2968,104,514,17305.0,2871
2015,BNA,52057,1087,8970,481878.0,51009
2015,BOI,12815,104,2068,107174.0,12717
2015,BOS,118011,2703,22602,1063230.0,115393
2015,BPT,1060,65,246,15598.0,996
2015,BQK,963,9,161,7951.0,957
2015,BQN,1439,11,288,17614.0,1428
2015,BRD,642,7,108,221.0,635
2015,BRO,2566,105,328,11917.0,2461
2015,BRW,936,28,135,1384.0,908
2015,BTM,729,20,43,93.0,709
2015,BTR,7825,174,1667,82272.0,7656
2015,BTV,3326,92,663,30032.0,3239
2015,BUF,18417,325,2686,124416.0,18102
2015,BUR,20657,328,2911,116564.0,20331
2015,BWI,94101,1553,20295,1194035.0,92604
2015,BZN,3939,40,513,20333.0,3901
2015,CAE,5585,114,1021,55519.0,5475
2015,CAK,6591,102,871,38542.0,6491
2015,CDC,626,1,67,1550.0,625
2015,CDV,724,9,110,-2470.0,715
2015,CEC,190,16,42,3030.0,174
2015,CHA,4619,72,810,35390.0,4550
2015,CHO,2441,101,446,28193.0,2347
2015,CHS,13024,236,2089,106617.0,12792
2015,CID,7364,227,1471,66243.0,7145
2015,CIU,670,16,106,6594.0,654
2015,CLD,641,13,101,3362.0,628
2015,CLE,37813,753,6156,300174.0,37081
2015,CLL,2534,114,307,6238.0,2420
2015,CLT,109896,1102,22021,882622.0,108858
2015,CMH,26375,547,4495,237592.0,25848
2015,CMI,2322,117,370,15118.0,2210
2015,CMX,730,47,95,3911.0,684
2015,CNY,206,1,4,-1242.0,205
2015,COD,696,13,155,4812.0,683
2015,COS,7491,118,1337,66322.0,7377
2015,COU,1431,64,281,19135.0,1372
2015,CPR,1912,30,215,1417.0,1883
2015,CRP,5254,157,919,41190.0,5100
2015,CRW,2609,59,568,27812.0,2551
2015,CSG,1180,7,191,6555.0,1173
2015,CVG,21950,519,4031,189370.0,21454
2015,CWA,1565,56,240,7433.0,1510
2015,DAB,1613,4,170,7791.0,1609
2015,DAL,65629,896,14131,769370.0,64761
2015,DAY,9429,297,1611,65396.0,9139
2015,DBQ,1015,58,149,4075.0,957
2015,DCA,80613,2076,13951,609066.0,78641
2015,DEN,214191,2156,45591,2403595.0,212183
2015,DFW,260595,6667,53238,2838052.0,254305
2015,DHN,1378,17,303,10245.0,1361
2015,DIK,999,17,101,1341.0,982
2015,DLG,77,0,7,43.0,77
2015,DLH,1942,53,392,14673.0,1889
2015,DRO,2246,45,384,15061.0,2201
2015,DSM,9095,260,1659,88386.0,8846
2015,DTW,118425,1293,20118,1030921.0,117217
2015,DVL,574,46,61,2796.0,528
2015,EAU,730,33,117,6603.0,698
2015,ECP,4545,20,543,24972.0,4525
2015,EGE,1245,37,282,18938.0,1209
2015,EKO,584,14,45,-2242.0,570
2015,ELM,2246,40,400,12901.0,2207
2015,ELP,13018,136,2046,100491.0,12890
2015,ERI,803,36,136,5351.0,767
2015,ESC,626,18,55,4513.0,608
2015,EUG,3960,69,609,26960.0,3897
2015,EVV,4233,122,801,31246.0,4117
2015,EWN,630,8,90,3268.0,622
2015,EWR,111394,3204,22523,1427392.0,108281
2015,EYW,2124,19,263,12678.0,2105
2015,FAI,2360,11,305,6925.0,2351
2015,FAR,6220,114,1084,41283.0,6108
2015,FAT,7674,70,1464,72610.0,7608
2015,FAY,1783,15,279,16040.0,1768
2015,FCA,2148,19,233,2952.0,2130
2015,FLG,1818,52,287,8249.0,1767
2015,FLL,79436,837,14551,823040.0,78620
2015,FNT,5159,110,606,20293.0,5052
2015,FSD,5776,156,1191,51373.0,5626
2015,FSM,2151,63,352,13094.0,2090
2015,FWA,5772,171,989,48920.0,5610
2015,GCC,1085,11,106,1958.0,1074
2015,GCK,725,27,128,3757.0,699
2015,GEG,10333,51,1403,50434.0,10289
2015,GFK,807,3,140,2124.0,804
2015,GGG,702,30,133,5439.0,672
2015,GJT,3450,40,409,9758.0,3412
2015,GNV,2917,39,546,24504.0,2881
2015,GPT,3909,82,540,17566.0,3829
2015,GRB,5370,152,846,22244.0,5220
2015,GRI,691,24,102,2802.0,668
2015,GRK,4404,166,677,24549.0,4241
2015,GRR,11773,281,1788,82210.0,11501
2015,GSO,7335,260,1326,67021.0,7080
2015,GSP,7173,141,1057,47393.0,7036
2015,GST,77,1,34,1305.0,76
2015,GTF,2156,14,195,1592.0,2142
2015,GTR,1015,14,196,6814.0,1002
2015,GUC,497,25,109,4863.0,474
2015,GUM,365,5,61,5501.0,361
2015,HDN,723,16,160,7701.0,707
2015,HIB,982,21,122,2242.0,963
2015,HLN,1576,9,147,1301.0,1567
2015,HNL,46952,188,4908,123547.0,46785
2015,HOB,624,23,73,2915.0,601
2015,HOU,56760,800,11797,662529.0,55984
2015,HPN,8164,282,1902,92931.0,7887
2015,HRL,3366,49,383,12428.0,3317
2015,HSV,4909,83,727,34694.0,4827
2015,HYA,83,1,16,1901.0,82
2015,HYS,626,15,108,1229.0,612
2015,IAD,37301,566,7353,449776.0,36775
2015,IAG,344,10,74,1747.0,334
2015,IAH,159833,2222,32668,1773445.0,157781
2015,ICT,8794,201,1605,79328.0,8602
2015,IDA,2448,19,260,1752.0,2431
2015,ILG,100,5,37,2851.0,97
2015,ILM,2075,17,287,11204.0,2058
2015,IMT,678,12,74,1430.0,666
2015,IND,27931,449,4327,215252.0,27500
2015,INL,627,10,76,3230.0,617
2015,ISN,2763,30,397,10791.0,2733
2015,ISP,4758,135,763,46602.0,4624
2015,ITH,34,4,5,439.0,30
2015,ITO,6226,12,508,-5907.0,6214
2015,JAC,3669,54,583,27731.0,3617
2015,JAN,7751,177,1284,48956.0,7581
2015,JAX,19750,218,3087,157651.0,19542
2015,JFK,102114,1953,21521,1178004.0,100205
2015,JLN,724,33,140,6057.0,694
2015,JMS,887,59,135,2393.0,828
2015,JNU,4430,55,800,19218.0,4379
2015,KOA,12081,40,1233,16163.0,12046
2015,KTN,2505,32,447,6462.0,2474
2015,LAN,2071,49,366,12462.0,2024
2015,LAR,634,25,72,1739.0,610
2015,LAS,145869,964,29202,1532309.0,144958
2015,LAW,1455,99,230,9502.0,1358
2015,LAX,212401,2239,42767,2147939.0,210241
2015,LBB,5073,166,806,38537.0,4911
2015,LBE,1398,38,316,13012.0,1361
2015,LCH,2058,63,260,4710.0,1997
2015,LEX,6566,173,977,41253.0,6400
2015,LFT,5580,133,1045,41585.0,5452
2015,LGA,108195,4656,24155,1323333.0,103676
2015,LGB,9551,62,1693,66091.0,9490
2015,LIH,11426,45,1121,6700.0,11386
2015,LIT,11470,277,2058,101386.0,11203
2015,LNK,2924,68,437,14712.0,2860
2015,LRD,2405,69,310,9196.0,2336
2015,LSE,1811,64,275,9352.0,1749
2015,LWS,641,0,27,-2004.0,641
2015,MAF,8127,259,1332,55305.0,7872
2015,MBS,1863,69,306,13573.0,1796
2015,MCI,42220,454,6792,334190.0,41775
2015,MCO,120029,1145,23422,1368697.0,118925
2015,MDT,3570,66,515,28346.0,3506
2015,MDW,88503,1966,18059,1052919.0,86577
2015,MEI,991,15,206,7753.0,978
2015,MEM,16290,353,2653,133583.0,15953
2015,MFE,3649,118,498,23378.0,3535
2015,MFR,2719,42,446,18663.0,2680
2015,MGM,3480,57,675,27346.0,3423
2015,MHK,1785,69,277,6043.0,1718
2015,MHT,6869,154,957,48316.0,6717
2015,MIA,75299,797,16624,892134.0,74547
2015,MKE,32467,585,5249,233450.0,31902
2015,MKG,729,49,140,5317.0,680
2015,MLB,1448,5,177,12213.0,1443
2015,MLI,4085,149,771,32252.0,3939
2015,MLU,3240,77,567,23712.0,3165
2015,MMH,156,16,42,1389.0,140
2015,MOB,5455,103,987,36899.0,5358
2015,MOT,2068,28,297,8496.0,2042
2015,MQT,330,8,61,2776.0,323
2015,MRY,3215,142,527,21970.0,3075
2015,MSN,9973,284,1526,50567.0,9696
2015,MSO,2248,19,237,3475.0,2229
2015,MSP,122701,824,19235,842802.0,121941
2015,MSY,42467,421,6867,352997.0,42057
2015,MTJ,1007,29,170,5101.0,980
2015,MVY,216,0,53,5332.0,216
2015,MYR,5338,99,1128,48083.0,5241
2015,OAJ,1248,15,225,12570.0,1233
2015,OAK,46332,593,9096,417692.0,45750
2015,OGG,22450,135,2873,77692.0,22328
2015,OKC,17785,311,2946,143807.0,17484
2015,OMA,18254,270,2911,132843.0,18002
2015,OME,725,31,150,4059.0,694
2015,ONT,19720,188,3236,158426.0,19540
2015,ORD,313536,8598,70313,4062801.0,305357
2015,ORF,10288,264,1661,92527.0,10032
2015,ORH,725,29,126,3796.0,697
2015,OTH,311,14,86,5634.0,297
2015,OTZ,725,23,153,3662.0,703
2015,PAH,728,46,89,4718.0,682
2015,PBG,294,2,94,3597.0,292
2015,PBI,24315,360,5063,282520.0,23960
2015,PDX,51635,218,6771,259495.0,51432
2015,PHF,1377,27,257,14469.0,1352
2015,PHL,72115,1093,15024,715961.0,71084
2015,PHX,159736,919,29191,1325280.0,158895
2015,PIA,5140,157,946,36531.0,4989
2015,PIB,626,8,109,4433.0,618
2015,PIH,711,2,61,-1245.0,709
2015,PIT,26249,391,3588,163252.0,25870
2015,PLN,815,21,103,7922.0,795
2015,PNS,7012,112,1077,49803.0,6901
2015,PPG,116,0,35,2418.0,116
2015,PSC,2643,29,334,7142.0,2615
2015,PSE,811,13,112,1901.0,798
2015,PSG,726,11,152,3356.0,715
2015,PSP,9660,101,1662,74959.0,9563
2015,PUB,264,11,41,479.0,253
2015,PVD,12156,273,1823,86210.0,11886
2015,PWM,5158,140,857,45405.0,5020
2015,RAP,3501,51,554,19251.0,3453
2015,RDD,789,21,108,5399.0,770
2015,RDM,2352,30,316,8011.0,2324
2015,RDU,34898,754,6048,316424.0,34176
2015,RHI,1042,17,236,2190.0,1025
2015,RIC,17002,436,3026,161410.0,16580
2015,RKS,747,18,78,3009.0,729
2015,RNO,14155,137,2470,107670.0,14023
2015,ROA,2505,59,451,21910.0,2446
2015,ROC,8185,189,1274,60298.0,8001
2015,ROW,1066,59,171,7671.0,1009
2015,RST,2239,79,417,15358.0,2163
2015,RSW,29116,332,5046,241443.0,28792
2015,SAF,1597,64,311,14872.0,1536
2015,SAN,76416,804,12975,603396.0,75630
2015,SAT,32412,351,4687,237159.0,32074
2015,SAV,8203,148,1489,84422.0,8062
2015,SBA,6582,128,1129,41486.0,6463
2015,SBN,4869,101,871,51832.0,4776
2015,SBP,3383,69,627,22811.0,3314
2015,SCC,936,19,120,-79.0,917
2015,SCE,973,25,164,7424.0,948
2015,SDF,11047,232,1794,90929.0,10825
2015,SEA,121287,469,19881,790146.0,120847
2015,SFO,162178,2204,31773,1722473.0,160068
2015,SGF,6767,181,1311,65627.0,6595
2015,SGU,1980,6,221,6776.0,1976
2015,SHV,6655,157,1288,63358.0,6501
2015,SIT,1435,9,217,1845.0,1427
2015,SJC,41681,456,7150,291559.0,41238
2015,SJT,1777,82,303,12305.0,1698
2015,SJU,26524,196,4590,259057.0,26337
2015,SLC,105973,405,13804,472627.0,105612
2015,SMF,40830,374,7026,312575.0,40471
2015,SMX,726,13,121,6095.0,714
2015,SNA,40729,399,5857,254458.0,40344
2015,SPI,1737,66,285,15071.0,1674
2015,SPS,1356,65,213,9615.0,1294
2015,SRQ,3675,40,565,35402.0,3637
2015,STC,83,5,24,1458.0,78
2015,STL,51277,661,9095,460500.0,50629
2015,STT,4585,49,823,50218.0,4538
2015,STX,1007,3,200,7833.0,1004
2015,SUN,1018,90,122,3719.0,928
2015,SUX,677,29,121,5468.0,648
2015,SWF,757,13,145,7200.0,744
2015,SYR,6248,151,990,36406.0,6099
2015,TLH,3473,43,519,23242.0,3430
2015,TOL,1050,65,150,3290.0,986
2015,TPA,69049,635,11916,666419.0,68434
2015,TRI,2087,21,333,12112.0,2068
2015,TTN,3107,51,696,41185.0,3061
2015,TUL,15289,238,2525,109144.0,15065
2015,TUS,16428,164,2407,91593.0,16275
2015,TVC,2964,92,435,14552.0,2878
2015,TWF,902,9,92,-801.0,894
2015,TXK,1066,66,162,5413.0,1002
2015,TYR,2527,104,415,15647.0,2424
2015,TYS,7592,178,1531,75313.0,7420
2015,UST,169,11,42,2370.0,158
2015,VEL,206,6,7,-748.0,200
2015,VLD,1023,8,162,7403.0,1015
2015,VPS,5283,103,848,47640.0,5181
2015,WRG,726,13,127,2527.0,713
2015,WYS,208,0,15,286.0,208
2015,XNA,10224,303,2165,111122.0,9931
2015,YAK,724,5,78,-4365.0,719
2015,YUM,2054,23,217,2293.0,2031
2016,ABE,2369,37,346,23911.0,2332
2016,ABI,161,3,37,1575.0,158
2016,ABQ,18967,150,3082,151811.0,18830
2016,ABR,743,9,87,4337.0,734
2016,ABY,1002,3,126,7707.0,999
2016,ACK,612,4,128,9073.0,609
2016,ACT,1419,43,213,9973.0,1377
2016,ACV,1417,56,303,17583.0,1361
2016,ACY,3693,86,803,42288.0,3609
2016,ADK,104,3,20,-205.0,101
2016,ADQ,542,19,44,-2228.0,523
2016,AEX,2860,43,445,19917.0,2817
2016,AGS,2641,17,369,26718.0,2624
2016,AKN,63,0,14,-190.0,63
2016,ALB,9349,90,1217,59609.0,9264
2016,AMA,3075,33,321,9010.0,3044
2016,ANC,17254,99,1597,3376.0,17174
2016,APN,642,16,89,8364.0,626
2016,ASE,4608,238,959,51705.0,4375
2016,ATL,384375,2246,55936,3312566.0,382200
2016,ATW,3380,68,428,12720.0,3313
2016,AUS,46266,350,7171,383529.0,45928
2016,AVL,3396,55,576,39862.0,3344
2016,AVP,1668,34,229,11509.0,1634
2016,AZO,2078,61,312,9913.0,2018
2016,BDL,20317,201,2865,127998.0,20121
2016,BET,978,21,60,-7536.0,958
2016,BFF,1,0,0,40.0,1
2016,BFL,2603,26,288,11831.0,2577
2016,BGM,877,5,130,7606.0,873
2016,BGR,609,12,119,6034.0,599
2016,BHM,12300,149,1720,93700.0,12155
2016,BIL,3412,34,290,2491.0,3379
2016,BIS,2380,45,285,14846.0,2335
2016,BJI,730,4,81,5218.0,726
2016,BLI,606,1,60,920.0,605
2016,BMI,1517,10,237,8979.0,1507
2016,BNA,51667,582,8703,457954.0,51096
2016,BOI,14706,103,2101,96747.0,14607
2016,BOS,121260,1503,21619,1101484.0,119825
2016,BPT,545,12,122,9200.0,533
2016,BQK,1032,15,152,9513.0,1017
2016,BQN,1872,41,392,18276.0,1831
2016,BRD,640,12,79,3695.0,628
2016,BRO,2043,45,202,8113.0,1999
2016,BRW,940,25,78,-4481.0,916
2016,BTM,677,6,47,2146.0,671
2016,BTR,6901,128,1183,79340.0,6777
2016,BTV,4046,151,761,40498.0,3899
2016,BUF,18021,327,2464,126448.0,17699
2016,BUR,22525,366,3708,153205.0,22161
2016,BWI,96218,1646,15741,847797.0,94602
2016,BZN,4251,31,528,20817.0,4222
2016,CAE,4434,56,699,48289.0,4378
2016,CAK,5318,89,777,41877.0,5230
2016,CDC,626,1,59,116.0,625
2016,CDV,724,5,72,-6516.0,719
2016,CHA,4593,36,736,55259.0,4558
2016,CHO,2404,45,399,32064.0,2360
2016,CHS,14677,305,2239,128846.0,14379
2016,CID,4456,61,633,31917.0,4395
2016,CIU,686,6,94,10469.0,680
2016,CLE,34111,485,5420,296497.0,33645
2016,CLL,1134,20,125,1359.0,1114
2016,CLT,110676,1249,19592,875607.0,109495
2016,CMH,23142,288,3403,147860.0,22860
2016,CMX,736,43,134,11456.0,694
2016,COD,921,9,109,4363.0,912
2016,COS,8289,107,1414,75170.0,8186
2016,CPR,1475,14,133,1518.0,1461
2016,CRP,2969,55,322,6599.0,2917
2016,CRW,2552,55,489,30038.0,2498
2016,CSG,1235,9,193,8426.0,1226
2016,CVG,15534,187,2391,131915.0,15352
2016,CWA,806,24,112,3619.0,783
2016,DAB,1979,17,238,17840.0,1962
2016,DAL,68963,703,13973,709537.0,68280
2016,DAY,6498,131,880,48500.0,6370
2016,DCA,77802,1735,13396,590242.0,76143
2016,DEN,226136,3172,40013,2057641.0,223131
2016,DFW,196049,2289,40922,2132811.0,193876
2016,DHN,1377,7,222,16111.0,1370
2016,DLG,84,1,12,-281.0,83
2016,DLH,2478,70,405,24152.0,2410
2016,DRO,1962,27,344,9103.0,1935
2016,DSM,7787,96,1129,57825.0,7698
2016,DTW,123959,937,19415,1078512.0,123085
2016,DVL,599,27,68,4305.0,572
2016,EAU,683,22,69,5109.0,662
2016,ECP,4509,35,508,21735.0,4475
2016,EFD,1,0,1,7.0,1
2016,EGE,1723,37,282,16599.0,1688
2016,EKO,639,11,55,-271.0,628
2016,ELM,1840,15,210,8087.0,1826
2016,ELP,11347,82,1738,84665.0,11269
2016,ENV,1,0,0,157.0,1
2016,ERI,747,27,118,7139.0,720
2016,ESC,627,9,83,6497.0,618
2016,EUG,3538,46,680,38333.0,3492
2016,EVV,2740,51,443,25100.0,2692
2016,EWN,702,3,99,6096.0,699
2016,EWR,115783,2925,24028,1555762.0,112943
2016,EYW,1749,5,170,14515.0,1744
2016,FAI,2483,17,261,260.0,2468
2016,FAR,3976,84,584,30386.0,3894
2016,FAT,8315,68,1360,72161.0,8250
2016,FAY,1701,24,228,14976.0,1677
2016,FCA,2371,16,237,5132.0,2355
2016,FLG,1846,32,210,5492.0,1815
2016,FLL,83307,999,17199,965705.0,82335
2016,FNT,3876,62,401,11971.0,3815
2016,FSD,4230,86,648,29957.0,4148
2016,FSM,1154,6,140,6981.0,1149
2016,FWA,4186,39,634,41105.0,4147
2016,GCC,1040,19,77,93.0,1022
2016,GCK,427,7,83,8750.0,420
2016,GEG,10042,57,1173,36511.0,9986
2016,GFK,1555,18,178,7365.0,1538
2016,GGG,382,15,90,5155.0,367
2016,GJT,2920,18,234,-1327.0,2902
2016,GNV,2287,20,353,22487.0,2267
2016,GPT,3149,40,395,20118.0,3109
2016,GRB,3739,63,473,17647.0,3678
2016,GRI,320,7,74,3246.0,314
2016,GRK,1930,21,199,6437.0,1911
2016,GRR,9215,152,1278,56067.0,9065
2016,GSO,6092,165,932,52115.0,5930
2016,GSP,7157,127,1032,62419.0,7033
2016,GST,84,1,15,-33.0,83
2016,GTF,1829,7,159,5848.0,1822
2016,GTR,1013,7,152,9362.0,1006
2016,GUC,242,5,40,3670.0,238
2016,GUM,367,1,50,2912.0,366
2016,HDN,1025,27,164,5459.0,1001
2016,HIB,991,27,167,8154.0,965
2016,HLN,1677,12,99,-866.0,1666
2016,HNL,47293,113,4028,81251.0,47198
2016,HOB,621,16,65,2490.0,605
2016,HOU,54202,652,10080,513407.0,53567
2016,HPN,7128,123,1524,87879.0,7010
2016,HRL,2975,28,402,12745.0,2947
2016,HSV,4069,40,429,20981.0,4029
2016,HYA,121,1,20,1308.0,121
2016,HYS,626,21,79,1878.0,606
2016,IAD,34440,520,5314,312092.0,33949
2016,IAG,398,16,79,2779.0,382
2016,IAH,137092,1651,21563,1179124.0,135515
2016,ICT,7863,96,982,48765.0,7769
2016,IDA,2483,30,245,5887.0,2453
2016,ILM,2582,30,304,19697.0,2554
2016,IMT,677,12,70,4874.0,665
2016,IND,26844,275,3997,200185.0,26580
2016,INL,628,10,102,7255.0,618
2016,ISN,1644,24,166,6658.0,1621
2016,ISP,4706,86,566,30369.0,4620
2016,ITH,903,9,161,9946.0,894
2016,ITO,5974,10,499,-5906.0,5965
2016,JAC,3931,36,709,41684.0,3895
2016,JAN,5201,64,640,30685.0,5138
2016,JAX,18652,313,2623,132611.0,18345
2016,JFK,97751,1209,21135,1268842.0,96606
2016,JLN,436,10,58,2999.0,427
2016,JMS,939,50,107,3024.0,890
2016,JNU,4580,27,456,-8638.0,4556
2016,KOA,12396,28,1259,22100.0,12372
2016,KTN,2475,26,261,-5583.0,2453
2016,LAN,2434,50,376,17666.0,2386
2016,LAR,626,24,57,3953.0,602
2016,LAS,150686,1299,29308,1514197.0,149435
2016,LAW,1140,17,174,9856.0,1123
2016,LAX,212983,1899,47328,2555530.0,211148
2016,LBB,4576,61,535,20428.0,4516
2016,LBE,1046,25,200,5304.0,1021
2016,LCH,1264,26,131,4738.0,1239
2016,LEX,5170,95,827,50414.0,5076
2016,LFT,3095,52,412,25678.0,3045
2016,LGA,96569,2459,20319,1270560.0,94196
2016,LGB,11163,89,2021,94411.0,11075
2016,LIH,11827,56,989,-2421.0,11777
2016,LIT,8393,82,1043,43834.0,8311
2016,LNK,3054,55,371,15651.0,3000
2016,LRD,2123,39,267,13350.0,2087
2016,LSE,756,4,82,1116.0,752
2016,LWS,715,2,33,-855.0,713
2016,MAF,5853,94,636,23921.0,5763
2016,MBS,1995,48,301,13292.0,1947
2016,MCI,43591,472,6306,286436.0,43131
2016,MCO,125715,1543,22385,1293083.0,124201
2016,MDT,2549,36,356,23143.0,2514
2016,MDW,87809,1562,14934,787525.0,86258
2016,MEI,992,7,197,13778.0,986
2016,MEM,14128,184,1970,95154.0,13953
2016,MFE,2223,30,251,13785.0,2194
2016,MFR,2966,46,519,29630.0,2920
2016,MGM,2449,16,390,25353.0,2436
2016,MHK,1,0,0,-7.0,1
2016,MHT,6712,123,753,38147.0,6590
2016,MIA,69658,759,16343,901511.0,68936
2016,MKE,32575,365,4696,215207.0,32217
2016,MKG,683,29,132,5612.0,655
2016,MLB,1518,12,167,10027.0,1506
2016,MLI,2527,25,340,21995.0,2502
2016,MLU,3073,48,472,23775.0,3025
2016,MMH,117,26,22,2053.0,91
2016,MOB,4907,69,791,34234.0,4842
2016,MOT,1647,21,214,10454.0,1626
2016,MQT,697,13,115,10858.0,684
2016,MRY,2544,79,414,14571.0,2465
2016,MSN,7532,121,948,39680.0,7413
2016,MSO,2682,23,283,10040.0,2660
2016,MSP,129234,882,20918,988323.0,128422
2016,MSY,43509,352,6706,332754.0,43169
2016,MTJ,1100,22,169,7669.0,1081
2016,MVY,248,0,77,5164.0,248
2016,MYR,5754,152,1060,50295.0,5609
2016,OAJ,1269,22,191,13409.0,1247
2016,OAK,48819,562,9552,406002.0,48270
2016,OGG,23321,92,2475,67528.0,23239
2016,OKC,15695,165,2039,86629.0,15534
2016,OMA,17967,218,2386,109991.0,17755
2016,OME,724,18,88,-1481.0,706
2016,ONT,19642,222,3172,155986.0,19423
2016,ORD,244082,3960,52820,3141149.0,240338
2016,ORF,11086,243,1620,107038.0,10850
2016,ORH,721,21,179,8781.0,700
2016,OTH,300,9,98,5876.0,291
2016,OTZ,725,19,66,-2793.0,706
2016,PAH,684,25,99,6682.0,659
2016,PBG,371,4,73,2036.0,367
2016,PBI,24285,338,4849,287585.0,23954
2016,PDX,58669,343,7982,317995.0,58333
2016,PGD,83,5,12,666.0,78
2016,PHF,1127,12,126,9358.0,1115
2016,PHL,73164,836,13800,606038.0,72365
2016,PHX,159126,980,27437,1140812.0,158209
2016,PIA,2952,47,462,27416.0,2907
2016,PIB,627,5,102,6821.0,622
2016,PIH,926,6,101,-937.0,920
2016,PIT,25299,264,3111,132335.0,25048
2016,PLN,1101,21,141,12373.0,1080
2016,PNS,5976,56,695,30098.0,5922
2016,PPG,121,0,21,6359.0,121
2016,PSC,3808,41,478,21956.0,3767
2016,PSE,863,15,121,2467.0,848
2016,PSG,728,9,87,-4257.0,719
2016,PSP,10061,145,1760,96386.0,9921
2016,PVD,12687,217,1628,73293.0,12475
2016,PWM,6369,195,1104,61798.0,6179
2016,RAP,3004,42,367,17936.0,2962
2016,RDD,991,31,188,8639.0,960
2016,RDM,2787,48,494,24958.0,2739
2016,RDU,34965,502,5747,314878.0,34475
2016,RHI,1042,24,148,3641.0,1019
2016,RIC,15928,323,2874,165783.0,15620
2016,RKS,660,23,49,163.0,637
2016,RNO,14182,182,2430,118005.0,14004
2016,ROA,2214,47,363,18138.0,2167
2016,ROC,7384,187,1052,50912.0,7205
2016,ROW,440,3,72,1500.0,437
2016,RST,1211,11,162,10072.0,1200
2016,RSW,29250,300,4662,245263.0,28957
2016,SAF,1212,27,290,19856.0,1186
2016,SAN,78183,811,12619,556099.0,77405
2016,SAT,30852,249,4475,209114.0,30608
2016,SAV,7326,173,1272,76608.0,7154
2016,SBA,5983,114,1137,59739.0,5870
2016,SBN,5314,68,898,48572.0,5246
2016,SBP,3193,59,560,23617.0,3135
2016,SCC,834,19,55,-6384.0,815
2016,SCE,746,20,133,5219.0,726
2016,SDF,9944,140,1426,85019.0,9808
2016,SEA,132625,502,20210,752582.0,132146
2016,SFO,172358,2457,36859,2049387.0,169964
2016,SGF,2800,48,410,21336.0,2754
2016,SGU,2079,10,191,3185.0,2069
2016,SHV,5945,84,933,47667.0,5862
2016,SIT,1370,9,124,-1472.0,1361
2016,SJC,42074,386,7179,312364.0,41700
2016,SJT,1010,25,201,11519.0,985
2016,SJU,26872,215,4556,223093.0,26666
2016,SLC,108819,396,14412,528501.0,108457
2016,SMF,41261,329,7279,339808.0,40937
2016,SMX,557,17,108,7235.0,540
2016,SNA,42582,391,6439,274448.0,42201
2016,SPI,1738,47,266,14897.0,1691
2016,SPN,1,0,1,24.0,1
2016,SPS,847,30,126,7020.0,817
2016,SRQ,3281,25,532,39340.0,3257
2016,STL,55570,552,9690,487744.0,55029
2016,STT,5006,39,797,31967.0,4970
2016,STX,1112,6,170,4580.0,1106
2016,SUN,1254,127,173,8349.0,1127
2016,SWF,736,16,150,7318.0,721
2016,SYR,5881,129,945,48238.0,5759
2016,TLH,2568,21,307,18749.0,2547
2016,TPA,67966,625,10731,573643.0,67353
2016,TRI,2161,14,303,19030.0,2147
2016,TTN,2109,29,369,20003.0,2081
2016,TUL,13990,156,1749,64076.0,13840
2016,TUS,16083,150,2454,112824.0,15942
2016,TVC,2225,51,356,20031.0,2176
2016,TWF,1096,6,129,2676.0,1090
2016,TXK,855,21,159,9051.0,834
2016,TYR,414,2,32,-1427.0,412
2016,TYS,7217,106,1144,56965.0,7112
2016,UST,195,4,39,2484.0,191
2016,VLD,1028,6,143,8792.0,1022
2016,VPS,4210,43,535,29445.0,4168
2016,WRG,728,9,95,-1001.0,719
2016,WYS,224,0,29,1199.0,224
2016,XNA,5779,80,839,55435.0,5700
2016,YAK,725,19,50,-9297.0,706
2016,YUM,1960,0,184,1103.0,1960
2017,ABE,2138,39,324,25327.0,2100
2017,ABI,42,1,13,870.0,41
2017,ABQ,19060,130,2940,145728.0,18935
2017,ABR,728,8,82,6755.0,720
2017,ABY,621,7,110,8381.0,614
2017,ACK,665,22,225,19421.0,643
2017,ACT,339,8,44,2318.0,331
2017,ACV,1202,53,274,17538.0,1149
2017,ACY,3511,109,529,20630.0,3406
2017,ADK,104,6,27,-235.0,98
2017,ADQ,621,26,70,-1154.0,596
2017,AEX,1848,50,287,13773.0,1799
2017,AGS,2133,32,389,33424.0,2101
2017,AKN,63,0,6,-303.0,63
2017,ALB,9403,138,1485,81902.0,9272
2017,ALO,473,6,86,6128.0,467
2017,AMA,3043,61,343,11787.0,2983
2017,ANC,17247,144,1898,10717.0,17136
2017,APN,623,17,102,10645.0,606
2017,ASE,5238,308,1317,98136.0,4937
2017,ATL,364655,5419,60005,3656150.0,359367
2017,ATW,2699,46,333,19655.0,2653
2017,AUS,52118,494,8952,468315.0,51639
2017,AVL,3603,76,801,66945.0,3528
2017,AVP,1747,28,310,27276.0,1720
2017,AZO,2358,57,412,19381.0,2301
2017,BDL,22211,416,3265,141050.0,21806
2017,BET,960,26,105,-5033.0,934
2017,BFL,2176,18,257,10748.0,2158
2017,BGM,869,26,133,9753.0,844
2017,BGR,784,37,278,20731.0,747
2017,BHM,11584,207,1671,96366.0,11380
2017,BIL,3332,10,343,10270.0,3322
2017,BIS,2255,16,322,17224.0,2239
2017,BJI,727,2,113,7075.0,725
2017,BLI,724,17,130,5690.0,709
2017,BMI,2140,35,326,13377.0,2105
2017,BNA,55029,511,9953,535770.0,54527
2017,BOI,15896,78,2335,103839.0,15823
2017,BOS,125456,2665,26840,1551736.0,122842
2017,BPT,7,3,2,160.0,4
2017,BQK,692,11,134,8490.0,681
2017,BQN,1710,127,499,33553.0,1585
2017,BRD,637,1,104,3826.0,636
2017,BRO,1070,26,84,1018.0,1044
2017,BRW,901,22,91,-3449.0,879
2017,BTM,675,15,63,4986.0,660
2017,BTR,6589,124,1200,86227.0,6466
2017,BTV,3274,119,772,52124.0,3157
2017,BUF,17769,363,2975,171623.0,17407
2017,BUR,25129,479,4752,224899.0,24658
2017,BWI,101015,1730,17851,920087.0,99315
2017,BZN,4998,35,681,35588.0,4964
2017,CAE,3841,73,524,29780.0,3769
2017,CAK,5820,111,949,54250.0,5712
2017,CDC,623,1,92,1895.0,622
2017,CDV,724,15,91,-3381.0,710
2017,CGI,50,1,16,442.0,49
2017,CHA,4038,85,817,67026.0,3955
2017,CHO,2211,59,452,38906.0,2153
2017,CHS,13806,251,2309,148518.0,13556
2017,CID,5287,78,861,54780.0,5210
2017,CIU,676,19,117,11503.0,657
2017,CKB,113,3,26,956.0,110
2017,CLE,35633,532,5836,299595.0,35110
2017,CLL,1319,28,169,6394.0,1291
2017,CLT,113095,1270,21386,893931.0,111895
2017,CMH,23893,286,3750,204615.0,23612
2017,CMX,728,49,92,5437.0,680
2017,COD,931,10,94,1105.0,921
2017,COS,9229,86,1551,93887.0,9148
2017,COU,621,7,81,2849.0,614
2017,CPR,805,2,55,-2658.0,803
2017,CRP,2705,87,441,13768.0,2619
2017,CRW,2011,50,359,22555.0,1962
2017,CSG,831,15,163,9095.0,816
2017,CVG,18761,168,3095,176297.0,18597
2017,CWA,1169,41,232,11349.0,1130
2017,DAB,2008,39,256,14192.0,1969
2017,DAL,69536,902,15773,793696.0,68646
2017,DAY,5636,80,861,49099.0,5559
2017,DCA,74408,1488,12614,616462.0,72973
2017,DEN,223165,1478,41376,1939574.0,221780
2017,DFW,181208,1868,37370,1836115.0,179430
2017,DHN,1261,23,239,12521.0,1238
2017,DLG,84,0,10,-444.0,84
2017,DLH,2579,84,350,27804.0,2496
2017,DRO,1309,12,156,3687.0,1297
2017,DSM,8173,84,1093,68019.0,8092
2017,DTW,126609,1196,20533,1197027.0,125480
2017,DVL,625,24,72,4945.0,601
2017,EAU,676,12,70,3872.0,664
2017,ECP,4444,76,577,31530.0,4368
2017,EGE,1416,49,264,26572.0,1367
2017,EKO,657,4,66,3524.0,653
2017,ELM,344,4,61,5841.0,340
2017,ELP,10822,105,1693,90377.0,10719
2017,ERI,1516,33,210,5875.0,1483
2017,ESC,624,19,107,10178.0,605
2017,EUG,3982,25,732,42761.0,3957
2017,EVV,2206,32,305,16322.0,2175
2017,EWN,446,5,60,4437.0,441
2017,EWR,115968,2982,28993,1762883.0,113065
2017,EYW,1583,77,172,16254.0,1506
2017,FAI,3065,17,331,309.0,3050
2017,FAR,3062,26,432,19252.0,3037
2017,FAT,8333,51,1328,79692.0,8286
2017,FAY,1288,29,207,15845.0,1261
2017,FCA,2487,8,307,14582.0,2479
2017,FLG,1335,24,109,1580.0,1311
2017,FLL,90078,2429,20324,1231961.0,87707
2017,FNT,4202,85,652,38431.0,4120
2017,FSD,4438,45,702,42284.0,4394
2017,FSM,1030,14,125,8517.0,1016
2017,FWA,5532,73,954,77912.0,5459
2017,GCC,1010,11,134,4692.0,1000
2017,GCK,187,6,21,1347.0,181
2017,GEG,11678,73,1718,51899.0,11608
2017,GFK,1329,8,149,4309.0,1322
2017,GGG,8,2,4,353.0,6
2017,GJT,2589,9,172,-747.0,2580
2017,GNV,1475,23,256,20838.0,1452
2017,GPT,2356,52,319,16383.0,2305
2017,GRB,4294,89,655,26145.0,4206
2017,GRI,325,6,63,1879.0,319
2017,GRK,1452,35,242,17274.0,1418
2017,GRR,10911,164,1635,90524.0,10750
2017,GSO,5605,163,984,59438.0,5447
2017,GSP,6332,104,959,66473.0,6229
2017,GST,84,4,13,-179.0,80
2017,GTF,1591,4,128,4073.0,1588
2017,GTR,956,14,147,7176.0,942
2017,GUC,170,5,25,1646.0,165
2017,GUM,365,1,52,4951.0,364
2017,HDN,968,18,205,13554.0,951
2017,HIB,670,8,83,742.0,662
2017,HLN,1681,5,144,7779.0,1676
2017,HNL,48320,144,5064,136669.0,48190
2017,HOB,635,22,52,-562.0,613
2017,HOU,54421,1782,11579,584997.0,52650
2017,HPN,6788,188,1410,92240.0,6603
2017,HRL,2521,74,437,22354.0,2448
2017,HSV,3929,76,454,21133.0,3855
2017,HYA,94,1,26,1598.0,93
2017,HYS,625,18,61,3011.0,607
2017,IAD,36765,361,6092,345264.0,36420
2017,IAG,541,36,92,7656.0,505
2017,IAH,129271,3529,19114,955906.0,125777
2017,ICT,8148,91,1088,51925.0,8060
2017,IDA,2403,13,269,8046.0,2390
2017,IFP,319,0,62,2662.0,319
2017,ILM,2090,24,259,15114.0,2066
2017,IMT,678,10,107,9015.0,668
2017,IND,27026,281,4129,210129.0,26749
2017,INL,624,7,62,231.0,617
2017,ISN,1176,3,134,6867.0,1173
2017,ISP,5235,102,869,52072.0,5133
2017,ITH,936,12,198,9594.0,925
2017,ITO,6119,14,607,2017.0,6106
2017,JAC,3508,52,656,44857.0,3457
2017,JAN,4518,111,590,22914.0,4407
2017,JAX,17137,350,2714,160678.0,16789
2017,JFK,94454,2076,22778,1405007.0,92481
2017,JLN,189,1,41,1612.0,188
2017,JMS,988,51,138,3973.0,938
2017,JNU,4426,55,572,-1586.0,4378
2017,KOA,13558,52,1407,33054.0,13509
2017,KTN,2426,36,319,-3025.0,2394
2017,LAN,2522,36,394,17462.0,2486
2017,LAR,623,16,83,3396.0,607
2017,LAS,151720,1367,30522,1594690.0,150404
2017,LAW,712,15,164,10129.0,697
2017,LAX,214297,2107,47554,2591506.0,212255
2017,LBB,4239,63,628,28493.0,4177
2017,LBE,1079,41,138,4238.0,1039
2017,LCH,1226,38,118,5608.0,1188
2017,LEX,5257,122,951,68394.0,5138
2017,LFT,2604,64,382,20541.0,2540
2017,LGA,93326,3018,19801,1326585.0,90388
2017,LGB,16398,162,2896,140379.0,16237
2017,LIH,12428,57,1359,31469.0,12373
2017,LIT,7629,75,1169,54259.0,7554
2017,LNK,2953,21,348,16058.0,2933
2017,LRD,1914,45,263,12650.0,1871
2017,LSE,1835,19,300,16434.0,1816
2017,LWS,753,2,35,-1323.0,751
2017,MAF,5340,95,779,34907.0,5246
2017,MBS,2605,48,326,22630.0,2558
2017,MCI,45065,483,6362,319908.0,44590
2017,MCO,131998,2606,25011,1612916.0,129426
2017,MDT,3103,52,374,23758.0,3053
2017,MDW,87203,1238,16682,942376.0,85976
2017,MEI,1052,21,306,24866.0,1033
2017,MEM,14621,220,2107,117706.0,14405
2017,MFE,2150,48,212,7156.0,2105
2017,MFR,3385,57,620,39637.0,3330
2017,MGM,1632,31,322,29041.0,1601
2017,MHK,916,11,164,10990.0,905
2017,MHT,6180,127,845,42370.0,6055
2017,MIA,67958,1728,14014,808154.0,66287
2017,MKE,30162,353,4538,246747.0,29819
2017,MKG,675,34,104,3320.0,641
2017,MLB,1496,28,174,9453.0,1468
2017,MLI,2954,43,472,24994.0,2911
2017,MLU,2272,43,351,26163.0,2229
2017,MMH,105,30,25,1142.0,75
2017,MOB,3879,105,521,25773.0,3775
2017,MOT,1526,12,176,15109.0,1514
2017,MQT,889,19,159,10054.0,870
2017,MRY,2648,61,602,27017.0,2588
2017,MSN,9276,120,1381,75905.0,9161
2017,MSO,2434,13,266,16434.0,2421
2017,MSP,134591,767,18574,948802.0,133884
2017,MSY,46876,675,8506,453227.0,46216
2017,MTJ,721,16,118,7658.0,706
2017,MVY,241,6,86,8173.0,236
2017,MYR,6468,174,1063,58264.0,6302
2017,OAJ,827,8,116,11144.0,819
2017,OAK,50451,573,10618,469879.0,49890
2017,OGG,24272,102,2912,80255.0,24177
2017,OKC,14820,143,2017,91072.0,14678
2017,OMA,19592,209,2617,116380.0,19385
2017,OME,719,29,90,-2306.0,691
2017,ONT,20852,248,3788,202780.0,20610
2017,ORD,266460,3719,54301,2921846.0,262966
2017,ORF,11298,187,1685,106029.0,11116
2017,ORH,719,31,162,7727.0,688
2017,OTH,303,18,110,10226.0,285
2017,OTZ,720,33,97,-736.0,687
2017,PAH,679,20,102,6740.0,659
2017,PBG,462,15,98,5968.0,447
2017,PBI,24448,564,5078,323310.0,23890
2017,PDX,62666,534,9966,398835.0,62159
2017,PGD,206,13,46,2934.0,193
2017,PHF,1009,13,116,7444.0,996
2017,PHL,73194,1197,14967,699674.0,72088
2017,PHX,154508,870,25401,1069799.0,153681
2017,PIA,2877,49,528,35403.0,2829
2017,PIB,687,19,154,11854.0,669
2017,PIH,982,5,126,1230.0,977
2017,PIT,28411,353,4157,175197.0,28066
2017,PLN,1023,75,119,9541.0,948
2017,PNS,5304,95,667,27026.0,5212
2017,PPG,119,1,14,1091.0,118
2017,PSC,3810,67,540,20223.0,3747
2017,PSE,740,63,163,7794.0,677
2017,PSG,726,14,89,-1793.0,712
2017,PSP,9212,86,1554,90288.0,9130
2017,PUB,51,0,11,165.0,51
2017,PVD,13755,340,2224,106475.0,13417
2017,PWM,6006,210,1226,89750.0,5800
2017,RAP,3166,18,324,15121.0,3148
2017,RDD,1069,55,226,13907.0,1015
2017,RDM,3773,84,714,46036.0,3689
2017,RDU,35937,480,6382,370395.0,35467
2017,RHI,767,30,94,6396.0,737
2017,RIC,15819,310,3098,196713.0,15520
2017,RKS,672,11,59,2632.0,662
2017,RNO,15774,157,2837,143829.0,15622
2017,ROA,1530,24,260,19834.0,1506
2017,ROC,7605,204,1229,69677.0,7403
2017,ROW,460,2,38,1902.0,458
2017,RST,2804,52,562,34153.0,2753
2017,RSW,30304,560,5017,265740.0,29751
2017,SAF,1454,25,203,11105.0,1431
2017,SAN,84056,997,14334,666157.0,83080
2017,SAT,32992,362,5147,234930.0,32640
2017,SAV,7689,218,1172,77192.0,7475
2017,SBA,5257,152,1062,56919.0,5106
2017,SBN,5284,66,843,53578.0,5220
2017,SBP,3522,72,813,52338.0,3451
2017,SCC,727,20,66,-2859.0,707
2017,SCE,1566,28,297,20484.0,1542
2017,SDF,9956,149,1542,91901.0,9812
2017,SEA,137176,833,24148,941662.0,136375
2017,SFO,174631,3299,43075,2351403.0,171400
2017,SGF,2722,41,404,18933.0,2681
2017,SGU,2802,6,265,4033.0,2796
2017,SHV,4887,93,798,42440.0,4797
2017,SIT,1348,10,148,-1147.0,1339
2017,SJC,49131,416,8481,360273.0,48724
2017,SJT,630,9,100,5443.0,621
2017,SJU,24447,1060,4654,268293.0,23393
2017,SLC,111912,448,14740,708523.0,111508
2017,SMF,45068,359,7813,370761.0,44717
2017,SNA,41800,453,6805,303861.0,41356
2017,SPI,1147,21,169,9866.0,1126
2017,SPS,273,6,50,2862.0,267
2017,SRQ,3176,67,443,31252.0,3110
2017,STL,56988,628,10119,517225.0,56372
2017,STS,1111,63,285,17729.0,1048
2017,STT,4166,258,673,32176.0,3908
2017,STX,1088,48,170,4833.0,1040
2017,SUN,1338,157,189,9864.0,1181
2017,SUX,28,0,9,871.0,28
2017,SWF,1321,33,321,25844.0,1289
2017,SWO,1,0,1,61.0,1
2017,SYR,6318,161,1071,63567.0,6157
2017,TKI,1,0,0,45.0,1
2017,TLH,2078,34,260,14514.0,2044
2017,TOL,229,8,61,3809.0,221
2017,TPA,70150,1333,11777,654697.0,68829
2017,TRI,1662,28,227,21693.0,1634
2017,TTN,2152,43,368,25443.0,2110
2017,TUL,13908,164,1760,72222.0,13747
2017,TUS,15406,91,2588,125464.0,15321
2017,TVC,3148,66,679,46286.0,3083
2017,TWF,1141,11,170,5325.0,1130
2017,TXK,75,3,12,346.0,72
2017,TYR,114,5,31,1829.0,109
2017,TYS,6584,124,1223,76391.0,6464
2017,UIN,76,2,20,1086.0,74
2017,UST,66,1,29,3859.0,65
2017,VLD,667,7,108,6275.0,660
2017,VPS,3580,66,470,27048.0,3517
2017,WRG,726,12,94,-1770.0,714
2017,WYS,232,3,38,2912.0,229
2017,XNA,5137,83,738,54048.0,5054
2017,YAK,724,17,80,-4917.0,707
2017,YUM,1379,3,114,4694.0,1376
2018,ABE,4168,87,785,48712.0,4078
2018,ABI,2022,41,384,15902.0,1981
2018,ABQ,24047,238,4083,205649.0,23813
2018,ABR,745,8,95,5706.0,737
2018,ABY,1018,11,206,14977.0,995
2018,ACK,972,35,249,21815.0,936
2018,ACT,1593,59,268,7751.0,1536
2018,ACV,1478,49,312,19544.0,1429
2018,ACY,3288,40,450,22846.0,3249
2018,ADK,104,3,28,389.0,101
2018,ADQ,636,18,73,-1754.0,618
2018,AEX,3403,48,574,23652.0,3351
2018,AGS,4544,89,862,53421.0,4445
2018,AKN,63,0,16,106.0,63
2018,ALB,12360,263,2138,97795.0,12103
2018,ALO,677,22,131,5180.0,656
2018,AMA,5366,104,829,34321.0,5264
2018,ANC,18411,129,1771,-3006.0,18306
2018,APN,622,14,91,7613.0,608
2018,ART,25,1,10,872.0,24
2018,ASE,6854,447,1386,92573.0,6413
2018,ATL,390046,2544,64048,3715916.0,387024
2018,ATW,4188,57,693,31967.0,4118
2018,AUS,63262,612,11257,592861.0,62657
2018,AVL,7694,182,1481,88468.0,7501
2018,AVP,3356,103,552,34337.0,3248
2018,AZA,5251,36,880,44838.0,5217
2018,AZO,2805,81,433,16331.0,2727
2018,BDL,28316,652,4468,228733.0,27664
2018,BET,837,27,83,-3717.0,810
2018,BFF,573,3,80,207.0,570
2018,BFL,2324,23,310,12956.0,2301
2018,BGM,920,11,143,10381.0,909
2018,BGR,4090,177,833,41750.0,3897
2018,BHM,18297,324,3258,171574.0,17974
2018,BIL,4152,23,528,20380.0,4129
2018,BIS,3667,56,561,29864.0,3612
2018,BJI,740,3,95,3950.0,737
2018,BKG,71,2,24,1210.0,69
2018,BLI,2225,17,282,5218.0,2208
2018,BLV,1019,8,287,21604.0,1011
2018,BMI,3173,91,598,34886.0,3074
2018,BNA,74263,1081,14194,813667.0,73161
2018,BOI,19191,83,2729,115868.0,19115
2018,BOS,148191,3844,32811,1798999.0,144283
2018,BPT,851,33,125,5130.0,819
2018,BQK,1038,10,143,2995.0,1004
2018,BQN,1960,18,460,30407.0,1942
2018,BRD,637,11,96,4909.0,626
2018,BRO,2607,81,340,15261.0,2526
2018,BRW,727,13,62,-4878.0,714
2018,BTM,677,1,55,507.0,676
2018,BTR,7576,125,1392,78440.0,7443
2018,BTV,9727,384,1949,108161.0,9307
2018,BUF,26248,671,4575,243883.0,25535
2018,BUR,26583,455,4909,248729.0,26130
2018,BWI,106739,2320,19978,1185560.0,104417
2018,BZN,5841,29,982,49643.0,5813
2018,CAE,6817,164,986,56606.0,6643
2018,CAK,7510,208,1620,101062.0,7305
2018,CDC,622,1,83,-311.0,621
2018,CDV,722,6,87,-4642.0,716
2018,CGI,625,22,105,6151.0,603
2018,CHA,8511,141,1675,100171.0,8369
2018,CHO,5574,202,1145,73128.0,5366
2018,CHS,23941,899,3900,215103.0,23048
2018,CID,9232,182,1657,79897.0,9047
2018,CIU,673,15,135,5906.0,659
2018,CKB,807,19,171,14646.0,788
2018,CLE,48385,987,8477,426220.0,47349
2018,CLL,2312,53,333,22542.0,2259
2018,CLT,233317,6039,48978,2443972.0,227432
2018,CMH,45805,945,8471,451489.0,44867
2018,CMI,2368,92,406,14588.0,2281
2018,CMX,725,35,172,15599.0,691
2018,CNY,420,3,71,1363.0,417
2018,COD,822,10,106,6014.0,812
2018,COS,10338,144,2059,129233.0,10198
2018,COU,2225,57,415,26287.0,2169
2018,CPR,985,3,84,-185.0,982
2018,CRP,5562,150,924,33410.0,5418
2018,CRW,4632,135,922,56406.0,4488
2018,CSG,1277,14,248,14891.0,1248
2018,CVG,49594,960,9626,494478.0,48444
2018,CWA,2853,75,424,14218.0,2766
2018,CYS,58,1,14,305.0,57
2018,DAB,3548,54,552,29809.0,3496
2018,DAL,70995,1009,16965,998074.0,70003
2018,DAY,14076,413,2794,154773.0,13672
2018,DBQ,1009,52,180,5698.0,958
2018,DCA,132517,3862,25126,1315779.0,128759
2018,DEN,235989,1595,46380,2432979.0,234500
2018,DFW,279298,5365,61896,3317948.0,274176
2018,DHN,1374,8,281,15403.0,1366
2018,DLG,84,3,13,-3.0,81
2018,DLH,2798,53,466,28841.0,2746
2018,DRO,3125,68,563,26189.0,3058
2018,DRT,114,1,16,760.0,113
2018,DSM,15576,209,2689,125897.0,15334
2018,DTW,157518,1533,25368,1321885.0,155639
2018,DVL,626,26,84,9567.0,600
2018,EAR,200,1,14,-1569.0,199
2018,EAU,720,23,126,8017.0,697
2018,ECP,5537,155,812,53188.0,5384
2018,EGE,2154,63,460,45967.0,2094
2018,EKO,647,4,40,-400.0,643
2018,ELM,333,1,67,4615.0,332
2018,ELP,16982,176,2814,168403.0,16810
2018,ERI,1015,6,150,9299.0,1009
2018,ESC,625,12,104,7209.0,613
2018,EUG,4103,21,751,46590.0,4083
2018,EVV,4618,108,758,43261.0,4468
2018,EWN,2187,112,328,18619.0,2069
2018,EWR,143875,4630,34754,2074038.0,139373
2018,EYW,4756,58,699,33472.0,4698
2018,FAI,4456,38,357,-11028.0,4419
2018,FAR,5752,104,985,49640.0,5649
2018,FAT,11124,78,1979,113159.0,11050
2018,FAY,3898,138,682,44787.0,3735
2018,FCA,2377,8,334,14209.0,2370
2018,FLG,1190,28,146,5716.0,1163
2018,FLL,97513,983,21011,1194227.0,96554
2018,FLO,170,3,34,2095.0,168
2018,FNT,4160,86,727,36102.0,4067
2018,FSD,6359,153,1310,77865.0,6212
2018,FSM,2051,36,412,18365.0,2013
2018,FWA,7081,101,1376,81076.0,6981
2018,GCC,833,11,108,3147.0,822
2018,GCK,731,24,105,4549.0,707
2018,GEG,12348,58,1663,58452.0,12293
2018,GFK,2106,31,270,9666.0,2069
2018,GGG,803,29,145,3889.0,774
2018,GJT,3750,32,375,6690.0,3720
2018,GNV,4492,76,790,45811.0,4398
2018,GPT,4230,71,615,29746.0,4157
2018,GRB,4846,127,759,34276.0,4717
2018,GRI,1001,21,220,14471.0,983
2018,GRK,2999,71,491,24547.0,2928
2018,GRR,17340,335,3230,166378.0,16984
2018,GSO,12974,412,2316,133291.0,12557
2018,GSP,13624,291,2160,137446.0,13325
2018,GST,84,2,12,-375.0,82
2018,GTF,1856,6,210,10452.0,1850
2018,GTR,1021,6,158,5570.0,1013
2018,GUC,230,4,37,2166.0,226
2018,GUM,623,7,94,3647.0,616
2018,HDN,930,24,162,11497.0,907
2018,HGR,138,0,46,3693.0,138
2018,HHH,535,30,89,1357.0,505
2018,HIB,625,9,54,2213.0,616
2018,HLN,1811,5,171,2104.0,1807
2018,HNL,49241,134,4652,83823.0,49121
2018,HOB,677,3,92,1442.0,674
2018,HOU,57841,878,12709,737605.0,56975
2018,HPN,9875,346,2278,149086.0,9506
2018,HRL,3443,41,651,32502.0,3402
2018,HSV,8619,176,1341,61210.0,8447
2018,HTS,879,36,219,15261.0,843
2018,HVN,1031,109,179,9608.0,926
2018,HYA,89,1,21,3027.0,88
2018,HYS,1078,23,188,11804.0,1055
2018,IAD,68700,1075,12622,692314.0,67647
2018,IAG,811,12,175,10460.0,799
2018,IAH,173806,1812,29741,1406886.0,172011
2018,ICT,10538,142,1640,85187.0,10399
2018,IDA,2167,5,288,11590.0,2162
2018,IFP,45,0,14,-76.0,45
2018,ILM,6585,311,979,51552.0,6276
2018,IMT,652,8,95,4843.0,644
2018,IND,48932,824,8655,456180.0,48092
2018,INL,650,11,79,1473.0,639
2018,ISN,1378,10,228,9273.0,1368
2018,ISP,6151,197,1169,83401.0,5959
2018,ITH,985,7,166,13499.0,978
2018,ITO,6230,20,423,-7691.0,6212
2018,JAC,4206,33,855,46704.0,4175
2018,JAN,7746,165,1337,71811.0,7582
2018,JAX,31340,544,5561,313118.0,30786
2018,JFK,129684,3436,26040,1473851.0,125918
2018,JLN,805,22,190,9984.0,783
2018,JMS,989,47,138,8826.0,943
2018,JNU,4407,34,484,-14602.0,4374
2018,KOA,15018,75,1375,-3227.0,14952
2018,KTN,2430,23,351,-5995.0,2409
2018,LAN,3513,62,558,27983.0,3454
2018,LAR,625,7,112,4860.0,619
2018,LAS,161113,1124,30022,1594012.0,160027
2018,LAW,1342,47,239,11253.0,1297
2018,LAX,221486,1898,37393,1822009.0,219648
2018,LBB,6373,112,1067,54818.0,6264
2018,LBE,1090,14,130,4780.0,1076
2018,LBF,569,7,36,-1841.0,562
2018,LBL,561,6,75,3916.0,555
2018,LCH,1940,37,259,8993.0,1904
2018,LCK,1084,11,287,21215.0,1073
2018,LEX,10097,197,1835,85539.0,9890
2018,LFT,4560,100,760,33049.0,4462
2018,LGA,171093,6971,35620,2056843.0,163959
2018,LGB,16796,96,2787,114335.0,16701
2018,LIH,14207,66,1464,15833.0,14143
2018,LIT,13232,170,2099,86218.0,13072
2018,LNK,1780,22,311,17190.0,1750
2018,LRD,2442,54,380,20971.0,2391
2018,LSE,2139,59,336,15383.0,2080
2018,LWB,576,12,142,14500.0,564
2018,LWS,717,1,41,-1770.0,716
2018,LYH,1066,49,223,15959.0,1017
2018,MAF,8768,156,1522,78377.0,8613
2018,MBS,2845,50,440,26950.0,2790
2018,MCI,56195,821,8445,399066.0,55356
2018,MCO,138296,1457,28809,1826977.0,136861
2018,MDT,6304,171,1083,65775.0,6135
2018,MDW,87095,2020,21042,1260805.0,85083
2018,MEI,1093,20,270,19610.0,1074
2018,MEM,23038,378,4088,195031.0,22660
2018,MFE,4610,126,775,48383.0,4486
2018,MFR,4711,90,978,67608.0,4621
2018,MGM,4120,75,775,41142.0,4040
2018,MHK,1834,57,297,15778.0,1780
2018,MHT,9726,337,1353,51363.0,9387
2018,MIA,87880,921,17818,998656.0,87028
2018,MKE,32507,522,5459,300095.0,31967
2018,MKG,720,39,125,3093.0,681
2018,MLB,2453,28,317,11103.0,2426
2018,MLI,5048,101,973,49290.0,4955
2018,MLU,3082,38,526,31146.0,3045
2018,MMH,149,14,51,4523.0,135
2018,MOB,6566,158,1183,62757.0,6405
2018,MOT,2560,44,368,22241.0,2516
2018,MQT,1352,54,289,21470.0,1299
2018,MRY,3911,63,739,38938.0,3849
2018,MSN,13183,264,2105,106449.0,12913
2018,MSO,3430,16,508,23484.0,3414
2018,MSP,159375,1636,25708,1194535.0,157498
2018,MSY,55883,662,10366,558754.0,55213
2018,MTJ,1494,33,303,12857.0,1461
2018,MVY,492,10,126,9512.0,478
2018,MYR,11602,370,1964,102182.0,11240
2018,OAJ,3110,146,524,34673.0,2948
2018,OAK,52676,604,9270,438571.0,52080
2018,OGD,126,1,38,2383.0,125
2018,OGG,25418,109,3168,59464.0,25319
2018,OGS,137,11,32,1762.0,126
2018,OKC,23268,303,3676,179529.0,22974
2018,OMA,25020,382,4167,187306.0,24644
2018,OME,721,30,67,-3533.0,692
2018,ONT,21279,158,3295,162373.0,21126
2018,ORD,332953,7136,80782,4029548.0,326156
2018,ORF,22785,844,4211,275789.0,21930
2018,ORH,964,40,293,20377.0,925
2018,OTH,371,14,123,10444.0,358
2018,OTZ,722,29,84,-2250.0,694
2018,OWB,111,4,34,2957.0,107
2018,PAH,719,31,137,5581.0,688
2018,PBG,952,6,185,12823.0,946
2018,PBI,25083,442,5268,340257.0,24645
2018,PDX,63079,382,8785,278489.0,62713
2018,PGD,5223,22,885,53887.0,5203
2018,PGV,896,69,199,17152.0,829
2018,PHF,2669,104,467,33471.0,2566
2018,PHL,116946,3223,24729,1316520.0,113877
2018,PHX,173962,1304,31305,1567119.0,172732
2018,PIA,5348,125,974,57124.0,5221
2018,PIB,729,19,108,7820.0,710
2018,PIE,7487,47,1182,53410.0,7443
2018,PIH,1262,1,131,-3012.0,1261
2018,PIT,49113,956,8695,380422.0,48135
2018,PLN,1027,41,127,8641.0,987
2018,PNS,11386,201,1680,72405.0,11188
2018,PPG,122,0,40,5537.0,122
2018,PRC,236,1,48,2338.0,235
2018,PSC,2886,36,395,18738.0,2851
2018,PSE,792,13,166,6449.0,779
2018,PSG,724,10,78,-4899.0,714
2018,PSM,303,6,83,7195.0,297
2018,PSP,10619,86,1703,72018.0,10536
2018,PUB,902,8,145,7681.0,895
2018,PVD,18733,553,3122,160209.0,18189
2018,PVU,547,7,108,7815.0,540
2018,PWM,12137,494,2312,138592.0,11623
2018,RAP,4247,59,781,45463.0,4188
2018,RDD,1169,33,252,15921.0,1136
2018,RDM,3773,42,719,40806.0,3732
2018,RDU,60724,1712,12739,787693.0,58939
2018,RFD,673,6,137,6636.0,667
2018,RHI,724,12,82,5532.0,712
2018,RIC,23224,637,4805,277311.0,22581
2018,RKS,680,7,85,4833.0,673
2018,RNO,18112,122,3196,160417.0,17993
2018,ROA,2463,67,568,36730.0,2397
2018,ROC,14388,460,2474,137166.0,13892
2018,ROW,1371,31,212,11620.0,1340
2018,RST,3257,96,653,38523.0,3163
2018,RSW,32351,428,5639,328949.0,31922
2018,SAF,1419,37,209,10650.0,1382
2018,SAN,90699,861,15687,729405.0,89857
2018,SAT,39575,384,6450,349588.0,39190
2018,SAV,15825,404,2718,179324.0,15386
2018,SBA,7084,98,1239,58204.0,6986
2018,SBN,6943,102,1341,82164.0,6839
2018,SBP,4840,68,1010,49444.0,4773
2018,SCC,935,12,72,-7021.0,923
2018,SCE,1355,17,218,12885.0,1338
2018,SCK,747,6,287,17981.0,741
2018,SDF,22904,468,4325,234974.0,22441
2018,SEA,140006,662,23599,882043.0,139379
2018,SFB,9581,42,2011,101856.0,9542
2018,SFO,175849,2410,39008,1890995.0,173505
2018,SGF,8619,180,1749,95477.0,8419
2018,SGU,3247,2,341,5648.0,3246
2018,SHD,662,17,112,10452.0,645
2018,SHV,6694,118,1168,57742.0,6562
2018,SIT,1341,19,131,-3971.0,1322
2018,SJC,54625,490,9320,390414.0,54149
2018,SJT,1433,34,215,6950.0,1403
2018,SJU,24544,212,4973,300236.0,24338
2018,SLC,113054,340,15591,699613.0,112729
2018,SLN,685,5,169,15150.0,680
2018,SMF,47110,298,7031,300340.0,46818
2018,SMX,170,0,39,2096.0,170
2018,SNA,41639,277,6367,278834.0,41368
2018,SPI,1811,50,377,20686.0,1763
2018,SPN,257,7,36,1317.0,250
2018,SPS,1058,39,127,4615.0,1021
2018,SRQ,6341,91,1052,52175.0,6250
2018,STC,145,1,32,2284.0,144
2018,STL,66197,978,12950,687847.0,65219
2018,STS,1504,34,266,17244.0,1471
2018,STT,2533,8,437,20055.0,2526
2018,STX,1125,4,186,8536.0,1121
2018,SUN,1274,120,177,10144.0,1154
2018,SUX,1189,39,301,14315.0,1153
2018,SWF,1791,41,505,34829.0,1750
2018,SWO,797,18,106,2310.0,779
2018,SYR,13818,437,2541,136069.0,13358
2018,TLH,6122,142,918,41612.0,5977
2018,TOL,2080,67,366,20102.0,2017
2018,TPA,74526,813,14071,813011.0,73720
2018,TRI,3062,40,506,31147.0,3004
2018,TTN,2603,88,825,63650.0,2515
2018,TUL,16925,192,2761,130542.0,16732
2018,TUS,18223,141,2614,117663.0,18087
2018,TVC,3925,94,592,39626.0,3812
2018,TWF,1271,3,158,781.0,1268
2018,TXK,1227,48,182,7667.0,1179
2018,TYR,1442,64,212,9883.0,1383
2018,TYS,15976,291,2807,164880.0,15657
2018,UIN,937,71,206,10435.0,866
2018,USA,999,20,278,16707.0,979
2018,VEL,320,4,38,1155.0,316
2018,VLD,1039,9,144,6839.0,1017
2018,VPS,7830,160,1257,56436.0,7671
2018,WRG,724,8,80,-4207.0,716
2018,WYS,239,0,23,-594.0,239
2018,XNA,12571,248,2327,135393.0,12325
2018,YAK,722,10,69,-6209.0,712
2018,YNG,2,0,1,126.0,2
2018,YUM,1376,0,111,-627.0,1376
