year,month,OP_CARRIER,flights,cancelled,diverted,delayed15,dep_delay_sum,dep_delay_n,arr_delay_sum,arr_delay_n,taxi_out_sum,taxi_in_sum,carrier_min,weather_min,nas_min,security_min,late_aircraft_min
2014,1,AA,45401,1574,116,9381,491765.0,43852,263255.0,43711,700720.0,366024.0,179577.0,51078.0,92201.0,61.0,208737.0
2014,1,AS,12403,152,82,1279,8890.0,12263,-48357.0,12169,180873.0,69705.0,20450.0,3951.0,17736.0,34.0,24933.0
2014,1,B6,20219,2164,89,6462,486923.0,18075,454022.0,17966,332155.0,118394.0,175107.0,54196.0,86102.0,903.0,217786.0
2014,1,DL,59030,2997,105,14498,976336.0,56072,754457.0,55928,1073644.0,437899.0,373435.0,157417.0,210913.0,139.0,306835.0
2014,1,EV,58508,8987,156,16611,1108198.0,49626,972120.0,49365,835836.0,365651.0,396413.0,58276.0,252646.0,195.0,498103.0
2014,1,F9,5736,84,5,2100,113392.0,5653,126670.0,5647,90518.0,42332.0,25886.0,4589.0,53316.0,0.0,52497.0
2014,1,FL,9405,588,41,2581,121222.0,8829,95993.0,8776,126267.0,75091.0,31100.0,3404.0,29707.0,0.0,67199.0
2014,1,HA,6019,1,11,422,-8906.0,6019,-2694.0,6007,62654.0,38870.0,8731.0,1803.0,350.0,0.0,4557.0
2014,1,MQ,34382,4205,86,9783,517900.0,30268,566481.0,30091,531393.0,273180.0,161430.0,93736.0,176651.0,94.0,257185.0
2014,1,OO,50484,2663,243,11094,456531.0,47924,393500.0,47578,823149.0,338648.0,165847.0,27921.0,126996.0,746.0,302793.0
2014,1,UA,39225,1888,46,9390,623526.0,37367,368667.0,37291,641660.0,306365.0,212798.0,55483.0,115767.0,0.0,215036.0
2014,1,US,34763,1052,60,6690,216179.0,33761,137151.0,33651,625819.0,237216.0,114098.0,12850.0,99492.0,666.0,93202.0
2014,1,VX,4810,58,10,686,30703.0,4752,4601.0,4742,63613.0,38680.0,8464.0,4746.0,13037.0,31.0,13748.0
2014,1,WN,91564,4439,427,29017,1945108.0,87161,1517229.0,86698,1018952.0,532623.0,511115.0,48601.0,201743.0,2484.0,980806.0
2014,2,AA,41036,1960,112,8607,427114.0,39102,271633.0,38964,652717.0,327771.0,157093.0,33563.0,126655.0,55.0,193839.0
2014,2,AS,11332,134,40,1450,18478.0,11214,-24744.0,11158,163417.0,63621.0,18846.0,4161.0,27246.0,326.0,25228.0
2014,2,B6,18485,1025,85,5432,267903.0,17465,242073.0,17375,330111.0,107843.0,99283.0,12301.0,85630.0,937.0,123648.0
2014,2,DL,54101,2556,84,9546,480056.0,51586,260104.0,51461,967262.0,379452.0,209524.0,59142.0,135604.0,211.0,141675.0
2014,2,EV,53434,6263,153,15504,980735.0,47256,839121.0,47018,774330.0,344162.0,345758.0,31485.0,208308.0,288.0,461576.0
2014,2,F9,5195,24,9,1825,81558.0,5174,92418.0,5162,79638.0,38188.0,17836.0,1588.0,42702.0,0.0,37831.0
2014,2,FL,8226,567,10,1479,64879.0,7661,32642.0,7649,106599.0,60196.0,18569.0,1524.0,17015.0,0.0,34658.0
2014,2,HA,5418,4,4,526,-3443.0,5414,4413.0,5410,55883.0,34120.0,13464.0,1387.0,199.0,0.0,6636.0
2014,2,MQ,30938,2716,98,7541,311175.0,28282,324328.0,28124,477474.0,236464.0,122403.0,37684.0,126487.0,45.0,163195.0
2014,2,OO,45555,2188,178,10785,485178.0,43498,443936.0,43189,741453.0,301842.0,159923.0,20521.0,145809.0,450.0,309320.0
2014,2,UA,36379,1353,60,9514,570697.0,35051,375606.0,34966,605253.0,278969.0,186072.0,30376.0,150685.0,0.0,194581.0
2014,2,US,31685,2100,116,6089,208585.0,29631,158776.0,29469,563869.0,205862.0,103218.0,17375.0,106759.0,939.0,89407.0
2014,2,VX,4237,131,16,987,89853.0,4106,77290.0,4090,58255.0,32862.0,10167.0,4494.0,49048.0,298.0,35398.0
2014,2,WN,84581,2698,177,22155,1234611.0,81911,806635.0,81706,947831.0,461145.0,300035.0,31159.0,147661.0,788.0,577573.0
2014,3,AA,46270,877,125,8361,369277.0,45404,206666.0,45268,723218.0,393302.0,154924.0,21376.0,110075.0,358.0,187067.0
2014,3,AS,12932,71,22,1438,14748.0,12864,-26211.0,12839,181396.0,72014.0,24798.0,2216.0,17937.0,374.0,26027.0
2014,3,B6,21478,427,38,4437,169493.0,21055,93832.0,21013,377176.0,125701.0,75621.0,4238.0,63034.0,321.0,85773.0
2014,3,DL,67093,156,67,10299,447877.0,66944,157429.0,66870,1179829.0,475948.0,228297.0,24013.0,124215.0,118.0,151321.0
2014,3,EV,62014,3182,134,14721,820457.0,58898,606510.0,58698,927096.0,413673.0,301034.0,19237.0,206881.0,452.0,402475.0
2014,3,F9,6040,12,6,1486,53745.0,6028,63407.0,6022,87385.0,42974.0,13499.0,1065.0,35049.0,0.0,28250.0
2014,3,FL,9309,134,6,1698,72619.0,9179,39911.0,9169,120746.0,74035.0,20380.0,1491.0,18653.0,0.0,41229.0
2014,3,HA,6073,5,3,501,-9725.0,6068,-3106.0,6065,62467.0,38353.0,12589.0,112.0,361.0,19.0,5305.0
2014,3,MQ,34669,1437,80,7721,263227.0,33295,272189.0,33152,524760.0,264883.0,106314.0,30197.0,118227.0,15.0,149192.0
2014,3,OO,52847,1222,148,9848,355869.0,51707,282017.0,51477,837934.0,358462.0,149393.0,12230.0,107862.0,371.0,262808.0
2014,3,UA,42492,460,59,8252,472172.0,42045,173765.0,41973,700475.0,320179.0,158124.0,13823.0,110708.0,0.0,170734.0
2014,3,US,36447,687,40,6044,177024.0,35778,81435.0,35720,653001.0,252711.0,111826.0,7324.0,90542.0,911.0,78352.0
2014,3,VX,4712,40,11,591,26887.0,4672,1261.0,4661,63896.0,36643.0,5833.0,1949.0,15318.0,40.0,12228.0
2014,3,WN,101382,1138,128,26900,1416292.0,100256,971942.0,100116,1121945.0,552004.0,360985.0,24509.0,149984.0,842.0,691423.0
2014,4,AA,43570,138,176,7411,294466.0,43439,140511.0,43256,687752.0,355719.0,141485.0,16633.0,106658.0,152.0,162840.0
2014,4,AS,12672,31,30,1173,-8346.0,12641,-36625.0,12611,173579.0,71354.0,17105.0,744.0,19551.0,179.0,20333.0
2014,4,B6,20974,303,38,4407,173256.0,20684,108498.0,20633,377122.0,121462.0,66412.0,4217.0,87667.0,492.0,88437.0
2014,4,DL,65645,40,103,9585,370648.0,65615,95095.0,65502,1148178.0,470435.0,200598.0,23993.0,125857.0,71.0,141585.0
2014,4,EV,57584,1973,174,12715,689983.0,55679,478393.0,55437,870963.0,378773.0,248873.0,13103.0,226185.0,504.0,345731.0
2014,4,F9,5972,6,6,1201,52296.0,5967,56531.0,5960,81081.0,42526.0,14688.0,1051.0,26478.0,0.0,30076.0
2014,4,FL,8209,36,10,1215,41937.0,8175,-2471.0,8163,105431.0,64856.0,12385.0,750.0,14228.0,0.0,25348.0
2014,4,HA,5910,19,6,327,-12958.0,5893,-7718.0,5885,59398.0,37421.0,10690.0,18.0,115.0,140.0,4781.0
2014,4,MQ,34044,1087,98,7257,245717.0,33000,251286.0,32859,511244.0,256545.0,101166.0,35247.0,113511.0,249.0,150638.0
2014,4,OO,50853,905,100,8689,305100.0,50007,218173.0,49848,793114.0,336587.0,137756.0,9432.0,98562.0,260.0,239216.0
2014,4,UA,39498,174,80,6934,347959.0,39335,44545.0,39244,680031.0,287104.0,106393.0,7810.0,122165.0,0.0,124231.0
2014,4,US,34602,294,42,5457,137502.0,34337,40907.0,34266,616854.0,242549.0,92663.0,3084.0,83350.0,1129.0,75699.0
2014,4,VX,4857,5,6,644,34206.0,4853,6969.0,4846,68585.0,37971.0,6669.0,2526.0,21595.0,53.0,12843.0
2014,4,WN,99109,551,187,24791,1326750.0,98567,860875.0,98371,1062905.0,533101.0,332138.0,23443.0,139174.0,826.0,637182.0
2014,5,AA,45664,1066,275,9264,485090.0,44637,319220.0,44323,715293.0,384133.0,167857.0,57149.0,142729.0,210.0,217998.0
2014,5,AS,13224,17,24,1325,-4451.0,13211,-22559.0,13183,183839.0,76415.0,17088.0,1461.0,20140.0,139.0,21126.0
2014,5,B6,21186,512,97,4196,199357.0,20687,95449.0,20577,361386.0,122522.0,73409.0,6651.0,76858.0,703.0,92806.0
2014,5,DL,68036,72,141,10395,466053.0,67971,188333.0,67823,1203611.0,481898.0,230931.0,23190.0,170040.0,1479.0,156302.0
2014,5,EV,59521,3436,243,13979,880413.0,56209,648716.0,55842,885517.0,386189.0,289175.0,24348.0,269858.0,947.0,414449.0
2014,5,F9,7290,46,25,1867,88137.0,7248,95699.0,7219,99345.0,52567.0,20813.0,2503.0,51299.0,0.0,42869.0
2014,5,FL,7709,17,15,1212,56504.0,7694,7622.0,7677,102050.0,62762.0,15093.0,2146.0,15870.0,0.0,27173.0
2014,5,HA,6223,28,4,394,-10949.0,6196,-4474.0,6191,63529.0,40098.0,10309.0,192.0,138.0,18.0,5215.0
2014,5,MQ,34962,1518,124,8345,339858.0,33539,353697.0,33320,522951.0,263277.0,125180.0,41807.0,139423.0,741.0,171923.0
2014,5,OO,52077,1122,104,9883,377133.0,51037,298559.0,50851,814943.0,339892.0,156510.0,14055.0,121179.0,585.0,260676.0
2014,5,UA,42428,557,215,9244,596943.0,41923,288218.0,41656,753839.0,325160.0,156419.0,22481.0,192031.0,14.0,223474.0
2014,5,US,35325,356,86,5876,205562.0,35008,96957.0,34883,628154.0,258945.0,108741.0,12837.0,97506.0,621.0,89470.0
2014,5,VX,4974,9,9,889,45133.0,4966,19573.0,4956,75373.0,40794.0,7128.0,6195.0,23971.0,250.0,16098.0
2014,5,WN,100659,757,330,27276,1660284.0,99914,1155318.0,99572,1094163.0,559446.0,394013.0,55675.0,172896.0,1024.0,810220.0
2014,6,AA,45825,504,275,14082,799400.0,45358,756490.0,45046,758442.0,426485.0,235402.0,68365.0,206136.0,260.0,416463.0
2014,6,AS,14171,30,16,1943,25817.0,14145,23950.0,14125,203738.0,83568.0,27387.0,1577.0,26505.0,359.0,29971.0
2014,6,B6,21224,426,62,4361,191146.0,20813,109657.0,20736,383386.0,126636.0,71533.0,10669.0,78114.0,451.0,86984.0
2014,6,DL,69621,19,200,13186,671411.0,69608,368325.0,69402,1250843.0,501265.0,268005.0,42738.0,217573.0,134.0,228450.0
2014,6,EV,59381,2937,272,17525,1090878.0,56528,952803.0,56172,923771.0,401045.0,326960.0,42233.0,315647.0,447.0,532821.0
2014,6,F9,7561,7,28,2164,95939.0,7554,113763.0,7526,103856.0,56304.0,25747.0,3165.0,54622.0,0.0,43801.0
2014,6,FL,6916,29,21,1292,65865.0,6890,21879.0,6866,93866.0,58541.0,14753.0,3559.0,18664.0,0.0,30132.0
2014,6,HA,6399,5,6,289,-16894.0,6394,-14591.0,6388,66423.0,41835.0,8406.0,61.0,87.0,7.0,2635.0
2014,6,MQ,33509,2166,113,10378,456940.0,31466,520450.0,31230,509663.0,269957.0,143636.0,53183.0,176102.0,737.0,224918.0
2014,6,OO,53173,2016,142,11746,550465.0,51235,506204.0,51015,844331.0,345540.0,201423.0,19378.0,144030.0,721.0,351672.0
2014,6,UA,42886,607,179,12055,765610.0,42330,541326.0,42100,783051.0,343962.0,214072.0,40087.0,200830.0,7.0,297482.0
2014,6,US,34954,529,67,7101,255315.0,34489,193055.0,34358,636054.0,263069.0,126745.0,19361.0,115490.0,2060.0,100586.0
2014,6,VX,4954,7,4,901,37313.0,4950,21871.0,4943,78540.0,42288.0,9726.0,3226.0,22846.0,77.0,13191.0
2014,6,WN,102043,851,383,32683,2022418.0,101214,1604255.0,100809,1150346.0,591469.0,500974.0,72278.0,212180.0,1168.0,1046276.0
2014,7,AA,47450,596,234,12306,620879.0,46891,556878.0,46620,779841.0,425750.0,214327.0,45510.0,165517.0,329.0,311174.0
2014,7,AS,15009,55,35,2290,45508.0,14962,38816.0,14919,219887.0,87939.0,29495.0,4144.0,29212.0,527.0,40889.0
2014,7,B6,22575,672,63,6975,419223.0,21922,389960.0,21840,422895.0,135257.0,117675.0,27800.0,143806.0,951.0,191267.0
2014,7,DL,72714,139,195,9635,518345.0,72601,52235.0,72380,1272773.0,525290.0,233263.0,39316.0,160835.0,71.0,159699.0
2014,7,EV,61210,2016,201,14043,763485.0,59287,571024.0,58993,939569.0,413100.0,282036.0,25147.0,218010.0,0.0,372504.0
2014,7,F9,8037,13,15,1891,83578.0,8026,98172.0,8009,111985.0,59712.0,23304.0,2506.0,49740.0,0.0,38871.0
2014,7,FL,6980,20,13,1144,63663.0,6964,12298.0,6947,91416.0,60191.0,15037.0,2647.0,15223.0,0.0,30252.0
2014,7,HA,6808,5,8,441,-6791.0,6804,-73.0,6795,72375.0,46743.0,12599.0,231.0,304.0,49.0,5546.0
2014,7,MQ,34024,1262,75,7327,239252.0,32835,242177.0,32687,502406.0,271375.0,107418.0,20314.0,99259.0,514.0,135948.0
2014,7,OO,55556,1369,128,11190,476717.0,54242,406199.0,54059,893803.0,370120.0,196195.0,13402.0,119799.0,781.0,302946.0
2014,7,UA,43996,567,163,10298,678361.0,43482,387031.0,43266,793362.0,349241.0,186383.0,35041.0,159871.0,75.0,260953.0
2014,7,US,36009,664,98,7629,311485.0,35428,245792.0,35247,664004.0,271977.0,148307.0,28591.0,130211.0,1404.0,117051.0
2014,7,VX,5085,6,10,962,48349.0,5080,24039.0,5069,82581.0,44002.0,8011.0,3359.0,28832.0,176.0,15016.0
2014,7,WN,105427,1006,249,31020,1911711.0,104429,1464314.0,104172,1196689.0,628736.0,525955.0,71162.0,182581.0,583.0,955063.0
2014,8,AA,46166,468,235,11688,593317.0,45710,525871.0,45463,758635.0,427237.0,213719.0,54939.0,152711.0,204.0,296093.0
2014,8,AS,15134,66,34,2345,41975.0,15075,33262.0,15034,219289.0,89975.0,31725.0,4530.0,29049.0,743.0,38597.0
2014,8,B6,22339,140,39,4868,185536.0,22209,113913.0,22160,405625.0,134505.0,78264.0,8056.0,65511.0,1541.0,92568.0
2014,8,DL,72891,297,183,10573,570478.0,72603,153568.0,72411,1280924.0,536348.0,262072.0,58285.0,168183.0,332.0,184769.0
2014,8,EV,59147,1210,195,13605,724222.0,57983,566144.0,57742,928958.0,412822.0,274068.0,20207.0,217936.0,0.0,375725.0
2014,8,F9,8045,26,19,1767,84455.0,8020,95300.0,8000,110445.0,60199.0,24103.0,1472.0,42303.0,0.0,48126.0
2014,8,FL,6326,34,31,964,56635.0,6293,10158.0,6261,83762.0,54119.0,15191.0,3569.0,14026.0,0.0,27856.0
2014,8,HA,6811,30,8,369,-8546.0,6781,-2893.0,6773,70346.0,46048.0,15358.0,348.0,139.0,23.0,4543.0
2014,8,MQ,33241,1250,85,8439,325360.0,32055,361377.0,31906,517360.0,277305.0,104131.0,33620.0,152957.0,380.0,182727.0
2014,8,OO,55421,1321,145,11312,487553.0,54176,449053.0,53955,904741.0,370706.0,184973.0,15732.0,141435.0,848.0,324997.0
2014,8,UA,42833,420,131,9395,560478.0,42442,296953.0,42282,761570.0,343723.0,161576.0,26036.0,143038.0,0.0,221840.0
2014,8,US,34864,256,54,5722,160231.0,34630,77135.0,34554,636177.0,262103.0,101009.0,11872.0,85252.0,1916.0,76995.0
2014,8,VX,4889,3,1,765,27261.0,4886,5486.0,4885,74480.0,41844.0,8616.0,2485.0,13609.0,96.0,10962.0
2014,8,WN,99384,428,265,23894,1327616.0,98963,885652.0,98691,1150676.0,592352.0,357277.0,50429.0,155578.0,1353.0,667862.0
2014,9,AA,43271,270,98,7810,284515.0,43015,191926.0,42903,700927.0,372315.0,150424.0,6055.0,115132.0,578.0,149454.0
2014,9,AS,13297,39,37,1632,14151.0,13258,1744.0,13221,190460.0,80181.0,25288.0,2469.0,23339.0,257.0,27266.0
2014,9,B6,19079,64,44,2548,31821.0,19022,-31647.0,18971,329779.0,111768.0,35791.0,3375.0,48959.0,378.0,35650.0
2014,9,DL,67051,129,96,9400,315234.0,66929,65820.0,66826,1186319.0,498095.0,177524.0,19369.0,143929.0,390.0,121294.0
2014,9,EV,54964,1698,170,12187,569481.0,53318,483839.0,53096,857165.0,385594.0,229981.0,13588.0,210994.0,0.0,308880.0
2014,9,F9,7857,28,9,1462,61924.0,7831,67652.0,7820,103965.0,58788.0,19558.0,637.0,34067.0,0.0,42183.0
2014,9,FL,4863,53,10,617,20434.0,4813,-10348.0,4800,64629.0,40023.0,7859.0,1456.0,10269.0,0.0,10637.0
2014,9,HA,6179,7,8,555,5792.0,6173,12844.0,6164,66513.0,41579.0,19791.0,91.0,5745.0,0.0,5945.0
2014,9,MQ,31269,1550,55,6780,222858.0,29793,209824.0,29664,472040.0,236277.0,91926.0,12487.0,107217.0,465.0,128535.0
2014,9,OO,49135,1151,96,8057,276813.0,48043,224562.0,47888,792613.0,320093.0,125661.0,8995.0,118639.0,494.0,203714.0
2014,9,UA,40219,448,79,7238,361602.0,39791,125576.0,39692,693035.0,306852.0,112925.0,13516.0,139133.0,47.0,145887.0
2014,9,US,33030,189,56,4740,89678.0,32869,22180.0,32785,607424.0,243345.0,84974.0,8682.0,78630.0,2048.0,50711.0
2014,9,VX,4554,8,4,711,27026.0,4547,7219.0,4542,65552.0,36756.0,7041.0,3021.0,16558.0,128.0,11257.0
2014,9,WN,94721,1142,226,17441,905470.0,93599,476749.0,93353,1085162.0,533222.0,244747.0,33667.0,148372.0,1626.0,452012.0
2014,10,AA,45113,391,116,10288,467072.0,44746,422568.0,44606,731967.0,408893.0,171901.0,26379.0,187223.0,1093.0,237281.0
2014,10,AS,13398,40,29,1646,4817.0,13363,-16125.0,13329,193904.0,78922.0,19984.0,1906.0,25100.0,474.0,21385.0
2014,10,B6,20113,74,35,3169,77501.0,20041,11824.0,20004,344191.0,118025.0,42679.0,4626.0,68406.0,363.0,49675.0
2014,10,DL,70676,17,60,9236,316184.0,70663,-16519.0,70599,1246529.0,503118.0,164752.0,12680.0,137240.0,110.0,133996.0
2014,10,EV,56533,1038,141,12747,612471.0,55531,539614.0,55354,893640.0,409482.0,239616.0,12423.0,234557.0,0.0,338683.0
2014,10,F9,8211,27,10,1337,41885.0,8184,39183.0,8174,106735.0,62394.0,17388.0,360.0,25648.0,0.0,39021.0
2014,10,FL,4661,13,1,590,17226.0,4648,-11492.0,4647,61106.0,37577.0,6409.0,96.0,7560.0,0.0,13008.0
2014,10,HA,6329,17,6,626,2920.0,6312,15995.0,6306,71423.0,42670.0,15911.0,59.0,344.0,21.0,8141.0
2014,10,MQ,32010,1512,66,9230,394777.0,30565,425624.0,30432,494322.0,267139.0,115937.0,28079.0,179313.0,624.0,197116.0
2014,10,OO,51019,860,65,8795,306659.0,50202,269392.0,50094,836610.0,346367.0,132804.0,7111.0,134362.0,371.0,231776.0
2014,10,UA,43335,276,77,9456,519860.0,43073,258061.0,42982,743680.0,342828.0,155809.0,11768.0,164645.0,15.0,186947.0
2014,10,US,35634,230,56,5655,113213.0,35429,59566.0,35348,647277.0,259986.0,90476.0,4869.0,94375.0,502.0,62729.0
2014,10,VX,4722,2,3,769,37303.0,4720,15594.0,4717,66898.0,37990.0,9300.0,2622.0,20063.0,185.0,14826.0
2014,10,WN,99257,709,127,18741,926550.0,98561,418101.0,98421,1145523.0,563104.0,244102.0,19114.0,137479.0,275.0,455072.0
2014,11,AA,42541,255,95,8903,421629.0,42292,268023.0,42191,683346.0,367658.0,171240.0,20129.0,97059.0,423.0,223509.0
2014,11,AS,13074,56,37,1906,33479.0,13026,-8732.0,12981,198719.0,77541.0,21662.0,4165.0,26507.0,171.0,31984.0
2014,11,B6,20050,153,31,3607,107603.0,19906,38873.0,19866,338384.0,117493.0,51453.0,4395.0,64844.0,330.0,60764.0
2014,11,DL,66995,35,68,8899,338840.0,66963,-3027.0,66892,1183897.0,467808.0,176268.0,20696.0,134597.0,469.0,124794.0
2014,11,EV,51569,552,118,9275,348020.0,51039,213098.0,50899,829202.0,380652.0,175094.0,7125.0,148435.0,0.0,207432.0
2014,11,F9,7729,38,7,2097,89388.0,7694,106090.0,7684,112945.0,60786.0,20134.0,897.0,55422.0,0.0,52099.0
2014,11,FL,3951,12,1,367,10410.0,3939,-20369.0,3938,50306.0,31604.0,4868.0,86.0,4500.0,0.0,6829.0
2014,11,HA,6137,16,5,628,-3084.0,6122,11758.0,6116,69625.0,40968.0,12590.0,254.0,733.0,0.0,6889.0
2014,11,MQ,29169,1022,48,7874,302229.0,28192,317006.0,28099,464480.0,268268.0,106111.0,40365.0,117398.0,460.0,163914.0
2014,11,OO,47513,1053,114,10069,419130.0,46522,392500.0,46346,833191.0,327812.0,163821.0,14946.0,140507.0,747.0,284267.0
2014,11,UA,39798,258,51,7402,473376.0,39560,124051.0,39489,674624.0,321030.0,138988.0,17150.0,104926.0,0.0,157802.0
2014,11,US,33177,217,27,5404,122004.0,32979,54769.0,32933,603240.0,239989.0,92067.0,2246.0,81370.0,458.0,63947.0
2014,11,VX,4723,7,6,803,40535.0,4718,19292.0,4710,66961.0,38326.0,5880.0,3504.0,25662.0,43.0,16177.0
2014,11,WN,95628,627,99,17423,888384.0,95014,328401.0,94902,1117875.0,546628.0,253653.0,19484.0,115403.0,1054.0,446050.0
2014,12,AA,45390,358,100,11650,586367.0,45040,453694.0,44932,753936.0,409634.0,238316.0,7021.0,129986.0,502.0,286053.0
2014,12,AS,13611,68,57,2548,80331.0,13546,37756.0,13486,208735.0,80902.0,35244.0,2545.0,42543.0,360.0,50003.0
2014,12,B6,21971,116,69,4132,143162.0,21856,52788.0,21786,382054.0,131655.0,63932.0,1137.0,68515.0,846.0,70389.0
2014,12,DL,66522,45,71,7237,314192.0,66478,-238706.0,66406,1186860.0,469886.0,169465.0,17763.0,104437.0,32.0,85194.0
2014,12,EV,52156,836,171,11500,520594.0,51370,400080.0,51149,833553.0,389805.0,226608.0,8990.0,170791.0,0.0,269496.0
2014,12,F9,7801,46,10,2457,129687.0,7756,137918.0,7745,116217.0,61979.0,31557.0,916.0,62702.0,0.0,62789.0
2014,12,FL,2940,13,2,359,14684.0,2929,-6404.0,2925,37885.0,23534.0,5229.0,55.0,3206.0,0.0,7714.0
2014,12,HA,6426,21,9,748,10108.0,6409,21671.0,6396,72341.0,42501.0,20645.0,795.0,347.0,12.0,11071.0
2014,12,MQ,30484,1431,93,9717,396527.0,29111,413817.0,28960,475464.0,281736.0,143714.0,35565.0,122031.0,1101.0,201933.0
2014,12,OO,49397,2438,185,13556,672592.0,47050,662364.0,46774,869493.0,338680.0,217400.0,20619.0,183343.0,1115.0,396170.0
2014,12,UA,40439,322,66,10787,686493.0,40128,381366.0,40051,706270.0,341243.0,195560.0,8888.0,189267.0,50.0,213934.0
2014,12,US,34175,163,43,6189,140663.0,34034,80305.0,33969,625083.0,253171.0,90350.0,1796.0,96906.0,973.0,60936.0
2014,12,VX,4993,59,39,1491,113393.0,4934,96649.0,4895,75178.0,42008.0,13659.0,6360.0,59955.0,312.0,38567.0
2014,12,WN,100878,819,133,27792,1542293.0,100072,994264.0,99926,1192397.0,590687.0,414541.0,29315.0,182761.0,1827.0,765071.0
2015,1,AA,44059,900,85,9529,457355.0,43173,299616.0,43074,719945.0,388587.0,203731.0,24820.0,100460.0,636.0,225852.0
2015,1,AS,13257,64,42,1939,41946.0,13198,-4220.0,13151,205794.0,79256.0,28833.0,7333.0,23322.0,104.0,40466.0
2015,1,B6,21623,1102,39,4944,206040.0,20531,150487.0,20482,376817.0,127731.0,76452.0,9393.0,80780.0,1144.0,108437.0
2015,1,DL,64421,678,67,8186,376407.0,63752,-130144.0,63676,1182789.0,464114.0,177509.0,41375.0,119586.0,582.0,120406.0
2015,1,EV,49925,1702,139,10991,470725.0,48267,410517.0,48084,828769.0,371144.0,225639.0,19179.0,164336.0,0.0,254080.0
2015,1,F9,6829,89,5,2151,121305.0,6745,123636.0,6735,106230.0,56648.0,33264.0,1293.0,48440.0,0.0,66621.0
2015,1,HA,6440,26,6,901,8408.0,6418,22509.0,6408,72023.0,43884.0,17102.0,1415.0,1710.0,162.0,15175.0
2015,1,MQ,29900,2288,44,9497,444967.0,27670,500772.0,27568,484996.0,292153.0,147471.0,54185.0,152168.0,996.0,246744.0
2015,1,NK,8743,98,13,2346,113676.0,8647,98388.0,8632,128389.0,82094.0,20312.0,607.0,93908.0,384.0,24678.0
2015,1,OO,48114,1262,197,11355,570636.0,46946,508068.0,46655,867030.0,335316.0,215580.0,30684.0,136501.0,671.0,348926.0
2015,1,UA,38395,967,65,8401,524744.0,37454,237357.0,37363,655821.0,332848.0,173564.0,33093.0,114005.0,32.0,167279.0
2015,1,US,33489,959,52,6022,169183.0,32552,100924.0,32478,625883.0,236960.0,100893.0,7694.0,97172.0,1011.0,81147.0
2015,1,VX,4731,80,4,756,32142.0,4651,6602.0,4647,67133.0,38291.0,10001.0,3951.0,14906.0,152.0,12141.0
2015,1,WN,100042,1767,215,18933,935339.0,98307,332371.0,98060,1216971.0,582296.0,277804.0,28065.0,130761.0,826.0,471913.0
2015,2,AA,39835,2554,101,7925,382963.0,37330,279973.0,37180,664189.0,338689.0,166410.0,51263.0,124060.0,511.0,159419.0
2015,2,AS,12194,113,53,1652,32681.0,12087,-9417.0,12028,179098.0,71258.0,26008.0,3478.0,22220.0,185.0,37265.0
2015,2,B6,19751,1296,72,6582,363197.0,18469,342984.0,18383,361671.0,123528.0,125882.0,20756.0,102542.0,1066.0,173285.0
2015,2,DL,60884,1696,118,11586,724050.0,59220,331663.0,59070,1120331.0,446746.0,254968.0,104403.0,169486.0,164.0,221922.0
2015,2,EV,45138,3002,131,10542,473888.0,42195,437576.0,42005,749907.0,329820.0,212197.0,22094.0,153998.0,0.0,242263.0
2015,2,F9,5809,108,10,2274,146727.0,5707,156071.0,5691,96836.0,49709.0,36175.0,4278.0,60642.0,0.0,73291.0
2015,2,HA,5779,3,3,1021,14905.0,5776,34811.0,5773,64398.0,40746.0,21060.0,2474.0,735.0,25.0,15355.0
2015,2,MQ,26940,3887,61,8625,430808.0,23161,489767.0,22992,432006.0,238560.0,120657.0,63333.0,149985.0,754.0,227018.0
2015,2,NK,8089,266,10,2566,132817.0,7832,128715.0,7813,122413.0,76213.0,38397.0,6142.0,63097.0,179.0,53801.0
2015,2,OO,43989,1403,137,9878,467200.0,42649,407039.0,42449,785588.0,297594.0,164448.0,37990.0,125811.0,446.0,287589.0
2015,2,UA,36235,1006,57,8491,525462.0,35247,255372.0,35172,628243.0,306493.0,163222.0,37149.0,118593.0,0.0,152922.0
2015,2,US,30153,1574,70,6574,261166.0,28627,202826.0,28509,558726.0,218292.0,122276.0,20949.0,104675.0,898.0,103793.0
2015,2,VX,4223,155,14,839,51322.0,4073,31558.0,4054,59875.0,33505.0,9137.0,3686.0,23867.0,20.0,21339.0
2015,2,WN,90172,3454,174,16624,855464.0,86759,303022.0,86544,1092541.0,525644.0,251823.0,33270.0,129462.0,332.0,388656.0
2015,3,AA,45966,1428,98,9765,494131.0,44570,297463.0,44440,752255.0,406480.0,221901.0,18417.0,108849.0,412.0,220425.0
2015,3,AS,14276,39,41,1970,43619.0,14238,-7733.0,14196,209066.0,85252.0,34091.0,2551.0,25184.0,325.0,39465.0
2015,3,B6,22590,458,105,5865,335976.0,22142,236599.0,22027,403226.0,142219.0,109333.0,10124.0,114040.0,449.0,156781.0
2015,3,DL,74166,524,135,11231,622004.0,73668,152745.0,73507,1301325.0,534781.0,256494.0,53835.0,167774.0,133.0,188540.0
2015,3,EV,54190,2135,180,10592,463526.0,52128,349124.0,51875,858646.0,387611.0,218126.0,15795.0,136374.0,0.0,254917.0
2015,3,F9,6950,61,9,2350,137957.0,6894,138115.0,6880,105374.0,59392.0,35424.0,1780.0,54880.0,0.0,65859.0
2015,3,HA,6313,13,6,780,5193.0,6302,21830.0,6294,68511.0,43190.0,18002.0,1798.0,276.0,7.0,9403.0
2015,3,MQ,28146,2031,53,6978,322267.0,26179,287162.0,26062,428185.0,242821.0,126134.0,31403.0,94417.0,1166.0,160657.0
2015,3,NK,9400,139,7,2305,116861.0,9265,92902.0,9254,132334.0,84647.0,35912.0,3324.0,55158.0,277.0,48688.0
2015,3,OO,50078,544,99,8125,289928.0,49579,157287.0,49435,859185.0,338056.0,144529.0,16058.0,94804.0,656.0,205673.0
2015,3,UA,43603,641,91,8788,600303.0,42999,209734.0,42871,739001.0,361286.0,176035.0,31272.0,124785.0,0.0,194410.0
2015,3,US,34516,784,85,6339,201110.0,33766,112071.0,33647,650069.0,256083.0,99630.0,10478.0,104742.0,1248.0,92508.0
2015,3,VX,4873,57,20,951,51033.0,4818,25650.0,4796,70083.0,39047.0,11845.0,3680.0,19879.0,85.0,21708.0
2015,3,WN,109245,2148,243,19413,1085419.0,107125,348701.0,106854,1265068.0,632570.0,331224.0,28146.0,127731.0,1828.0,497056.0
2015,4,AA,44770,354,237,8734,469066.0,44439,217881.0,44179,775911.0,405896.0,170301.0,46744.0,127282.0,403.0,216927.0
2015,4,AS,13974,65,24,1407,59.0,13910,-41780.0,13885,199282.0,83999.0,26035.0,2386.0,16628.0,291.0,23267.0
2015,4,B6,22020,139,66,4113,182246.0,21885,60648.0,21815,381689.0,134664.0,71786.0,5421.0,75276.0,348.0,93349.0
2015,4,DL,72170,147,127,9219,449002.0,72031,5992.0,71896,1247277.0,505534.0,204474.0,36066.0,140575.0,236.0,152249.0
2015,4,EV,49296,929,232,8602,328999.0,48410,232071.0,48135,783420.0,352075.0,186479.0,10306.0,132778.0,0.0,181811.0
2015,4,F9,7148,38,18,1908,83387.0,7113,89646.0,7092,109347.0,61380.0,22398.0,1221.0,49155.0,0.0,41468.0
2015,4,HA,6093,11,3,431,-13480.0,6082,67.0,6079,64561.0,41695.0,10949.0,424.0,108.0,0.0,3492.0
2015,4,MQ,25695,858,109,4949,221384.0,24886,126885.0,24728,409657.0,206526.0,75888.0,40783.0,84219.0,884.0,101354.0
2015,4,NK,9496,64,17,2321,93685.0,9435,82534.0,9415,135886.0,86788.0,23243.0,3972.0,59217.0,189.0,38999.0
2015,4,OO,49329,714,120,7490,260302.0,48674,156338.0,48495,839133.0,329662.0,143364.0,11278.0,93113.0,386.0,192646.0
2015,4,UA,41342,370,107,8046,532506.0,41020,178829.0,40865,702137.0,332153.0,167650.0,17630.0,112397.0,0.0,196042.0
2015,4,US,32496,196,49,5736,145692.0,32316,85797.0,32251,599866.0,243464.0,99408.0,4827.0,86131.0,536.0,67666.0
2015,4,VX,4915,14,5,792,27707.0,4901,4874.0,4896,70265.0,38727.0,8035.0,4129.0,12807.0,20.0,14478.0
2015,4,WN,106407,621,266,18499,932884.0,105796,316180.0,105520,1231877.0,620281.0,280584.0,36403.0,128341.0,367.0,461689.0
2015,5,AA,44710,884,215,8617,487556.0,43878,225638.0,43611,779588.0,386209.0,180196.0,61860.0,121168.0,444.0,210342.0
2015,5,AS,14682,45,32,1682,-2886.0,14641,-25068.0,14605,210687.0,88406.0,21128.0,1211.0,22647.0,392.0,23304.0
2015,5,B6,22565,172,41,3322,157538.0,22398,-15848.0,22352,389765.0,128530.0,63705.0,7781.0,69593.0,529.0,69034.0
2015,5,DL,74815,143,201,9264,559253.0,74677,11121.0,74471,1265390.0,527646.0,229196.0,50454.0,163145.0,224.0,191312.0
2015,5,EV,49213,1041,234,9728,486521.0,48231,370287.0,47938,788067.0,365127.0,213517.0,21547.0,162439.0,0.0,260007.0
2015,5,F9,8118,25,18,2138,90920.0,8096,105036.0,8075,123285.0,73379.0,30758.0,700.0,55544.0,0.0,50472.0
2015,5,HA,6434,7,9,572,-8676.0,6428,5304.0,6418,68252.0,44407.0,12997.0,305.0,670.0,0.0,7634.0
2015,5,MQ,25431,947,79,4802,234471.0,24543,133417.0,24405,403211.0,210513.0,87250.0,48806.0,71991.0,682.0,101788.0
2015,5,NK,10051,225,26,3648,232250.0,9838,219494.0,9800,141333.0,95824.0,57746.0,8891.0,84560.0,751.0,101022.0
2015,5,OO,49864,619,117,8194,296674.0,49296,203447.0,49128,857060.0,335537.0,153440.0,15646.0,99933.0,707.0,196033.0
2015,5,UA,44411,348,199,9827,648540.0,44111,299490.0,43864,767902.0,374122.0,176150.0,37835.0,144926.0,362.0,249791.0
2015,5,US,33761,232,80,4927,136523.0,33556,22799.0,33449,611994.0,257239.0,84559.0,7565.0,82367.0,786.0,69562.0
2015,5,VX,5236,30,11,1216,55758.0,5206,36895.0,5195,77263.0,40607.0,10328.0,3693.0,26702.0,84.0,24594.0
2015,5,WN,107702,976,396,21708,1273754.0,106758,604037.0,106330,1236741.0,648095.0,346950.0,70261.0,148967.0,750.0,617626.0
2015,6,AA,44360,539,207,9807,621917.0,43850,357243.0,43614,788031.0,417902.0,222632.0,36383.0,136498.0,605.0,269894.0
2015,6,AS,15075,60,30,1803,29150.0,15022,-3306.0,14985,221877.0,94989.0,34804.0,3519.0,17966.0,291.0,32993.0
2015,6,B6,22558,231,81,4622,255272.0,22332,112279.0,22246,404702.0,132711.0,75603.0,10659.0,103047.0,392.0,114667.0
2015,6,DL,77255,239,256,13295,837824.0,77023,339248.0,76760,1381960.0,563952.0,286103.0,81087.0,226209.0,472.0,277648.0
2015,6,EV,49119,1742,223,12504,722680.0,47435,657930.0,47154,810445.0,375795.0,284488.0,22935.0,220076.0,0.0,338069.0
2015,6,F9,7893,54,25,2476,150002.0,7847,154037.0,7814,124768.0,72689.0,36490.0,2021.0,70693.0,0.0,75380.0
2015,6,HA,6677,10,4,617,-8114.0,6667,5882.0,6663,71960.0,46364.0,16569.0,65.0,193.0,24.0,5002.0
2015,6,MQ,25407,1326,90,6156,317891.0,24157,231257.0,23991,410532.0,219161.0,103858.0,33603.0,95512.0,711.0,137468.0
2015,6,NK,9826,479,22,4419,338402.0,9358,331611.0,9325,141008.0,96697.0,90331.0,6295.0,115557.0,565.0,142110.0
2015,6,OO,50307,1108,141,10187,500690.0,49270,409069.0,49058,875055.0,352188.0,209536.0,25846.0,121030.0,1142.0,280219.0
2015,6,UA,46084,1105,234,14169,1099003.0,45038,757652.0,44745,814904.0,394787.0,306708.0,42807.0,197916.0,0.0,441425.0
2015,6,US,34300,322,89,6951,282773.0,34008,195414.0,33889,653603.0,273038.0,129556.0,19044.0,126876.0,1684.0,108384.0
2015,6,VX,5260,21,12,992,45594.0,5242,30209.0,5227,78082.0,42832.0,12205.0,3681.0,19128.0,88.0,20239.0
2015,6,WN,109776,1884,516,27744,1732777.0,107950,1153590.0,107376,1282320.0,689881.0,487450.0,92754.0,180167.0,1110.0,812338.0
2015,7,AA,81434,562,222,15480,786752.0,80932,312151.0,80650,1468991.0,712783.0,300368.0,37235.0,205446.0,1610.0,358271.0
2015,7,AS,15821,49,41,2067,40419.0,15778,5937.0,15731,235983.0,100958.0,34348.0,2233.0,28467.0,616.0,35661.0
2015,7,B6,24029,225,57,5358,268952.0,23809,138717.0,23747,445276.0,141792.0,89445.0,9284.0,87076.0,482.0,129171.0
2015,7,DL,80741,106,249,12370,666929.0,80641,96854.0,80386,1452882.0,579193.0,260456.0,44146.0,184135.0,451.0,232647.0
2015,7,EV,50381,909,151,9652,448236.0,49516,341618.0,49321,823614.0,388388.0,204629.0,10304.0,154777.0,0.0,237964.0
2015,7,F9,8090,33,19,2264,111527.0,8060,116266.0,8038,126647.0,74520.0,32254.0,1254.0,57740.0,0.0,55927.0
2015,7,HA,6955,11,8,775,4931.0,6946,13883.0,6936,76106.0,48073.0,18482.0,478.0,407.0,37.0,10723.0
2015,7,MQ,24750,634,69,4584,219094.0,24158,95714.0,24047,393564.0,209943.0,77624.0,23098.0,70675.0,265.0,108077.0
2015,7,NK,10351,131,18,3093,167894.0,10230,146423.0,10202,153149.0,94383.0,42177.0,3332.0,71278.0,931.0,69394.0
2015,7,OO,52627,821,148,10229,459086.0,51867,350775.0,51658,930914.0,362164.0,192384.0,16998.0,118092.0,1050.0,285746.0
2015,7,UA,46478,468,137,11693,893774.0,46059,470774.0,45873,815488.0,392580.0,268091.0,24095.0,141755.0,0.0,352110.0
2015,7,VX,5411,18,9,1226,52597.0,5394,38419.0,5384,86613.0,44344.0,11456.0,2729.0,25046.0,346.0,24173.0
2015,7,WN,113650,839,400,28836,1761860.0,112821,1180871.0,112411,1354281.0,731590.0,489665.0,57282.0,198561.0,1033.0,882517.0
2015,8,AA,79748,790,250,14448,739465.0,79025,251386.0,78708,1430186.0,697244.0,319672.0,43023.0,198959.0,2538.0,298607.0
2015,8,AS,16095,36,28,2685,58935.0,16064,40140.0,16031,244182.0,105593.0,34403.0,4389.0,42776.0,1279.0,39820.0
2015,8,B6,23826,255,65,5876,344358.0,23579,218158.0,23506,432947.0,144167.0,108603.0,17438.0,85518.0,3944.0,158642.0
2015,8,DL,80947,69,203,11492,626586.0,80887,52690.0,80675,1424880.0,588745.0,253078.0,52470.0,168512.0,230.0,216133.0
2015,8,EV,48554,728,158,8444,372724.0,47875,245701.0,47668,788978.0,371539.0,185308.0,12147.0,131145.0,0.0,208206.0
2015,8,F9,8142,26,13,1829,71839.0,8118,74351.0,8103,126561.0,74426.0,23846.0,2082.0,47509.0,0.0,40276.0
2015,8,HA,6901,44,7,1224,33059.0,6860,51019.0,6850,77320.0,48120.0,27691.0,1057.0,583.0,44.0,29455.0
2015,8,MQ,23881,703,62,3900,192312.0,23240,43841.0,23116,363633.0,195236.0,83825.0,14565.0,53809.0,283.0,89839.0
2015,8,NK,10432,186,19,3587,228281.0,10257,209848.0,10227,152125.0,96059.0,46464.0,3097.0,123755.0,285.0,71208.0
2015,8,OO,52730,794,150,9719,402839.0,51998,290348.0,51786,929134.0,361999.0,181385.0,18112.0,109061.0,1470.0,243855.0
2015,8,UA,45413,341,131,9134,645220.0,45101,225336.0,44941,796752.0,384715.0,185326.0,28280.0,127334.0,714.0,235238.0
2015,8,VX,5688,24,6,1073,50440.0,5667,28891.0,5658,85885.0,46736.0,11877.0,1307.0,20249.0,169.0,23929.0
2015,8,WN,108179,1056,436,20702,1257739.0,107146,590204.0,106687,1279532.0,689257.0,358120.0,67825.0,165393.0,1037.0,589277.0
2015,9,AA,73379,353,138,10074,362854.0,73058,-104429.0,72888,1307649.0,626179.0,219156.0,26235.0,132444.0,1189.0,176240.0
2015,9,AS,14271,26,13,1567,3318.0,14250,-25814.0,14232,215166.0,93799.0,27776.0,1853.0,20190.0,1182.0,20161.0
2015,9,B6,21133,90,36,4111,163691.0,21046,74347.0,21007,375834.0,123720.0,68864.0,8117.0,68773.0,435.0,78685.0
2015,9,DL,72063,6,107,6712,253233.0,72058,-266458.0,71950,1230533.0,520496.0,162971.0,23671.0,94929.0,172.0,93583.0
2015,9,EV,43721,266,88,5860,155851.0,43471,36908.0,43367,706825.0,329559.0,129266.0,7206.0,89912.0,0.0,116852.0
2015,9,F9,7873,21,6,1094,40007.0,7852,7677.0,7846,118463.0,71154.0,18318.0,691.0,22455.0,0.0,32457.0
2015,9,HA,6154,24,3,947,12858.0,6133,22651.0,6127,69065.0,42935.0,17520.0,2730.0,358.0,32.0,16337.0
2015,9,MQ,21202,368,35,2843,96086.0,20862,-45077.0,20799,324520.0,185658.0,56037.0,13021.0,42648.0,378.0,56825.0
2015,9,NK,9948,68,12,2235,95611.0,9884,78945.0,9868,142360.0,95598.0,34487.0,1811.0,49594.0,181.0,42569.0
2015,9,OO,47625,352,66,6570,182835.0,47301,72269.0,47207,839503.0,328818.0,132002.0,10176.0,79324.0,1037.0,151075.0
2015,9,UA,41778,106,70,5579,310636.0,41686,-74645.0,41602,725813.0,351866.0,114873.0,10361.0,81376.0,117.0,126518.0
2015,9,VX,5154,11,2,687,16939.0,5144,365.0,5141,77196.0,40804.0,7936.0,1638.0,10624.0,97.0,10010.0
2015,9,WN,100645,384,142,11782,539476.0,100273,-133785.0,100119,1193764.0,610560.0,187585.0,29533.0,93994.0,1148.0,263852.0
2015,10,AA,77290,725,184,10179,406983.0,76596,-44372.0,76381,1362263.0,662741.0,220804.0,34438.0,139994.0,1074.0,192382.0
2015,10,AS,14467,33,20,1648,-1276.0,14438,-43150.0,14414,219593.0,98562.0,22453.0,2559.0,22752.0,282.0,23334.0
2015,10,B6,21913,130,45,4015,175099.0,21787,79926.0,21738,370271.0,133547.0,72892.0,3937.0,63197.0,287.0,71981.0
2015,10,DL,75552,17,77,5881,242914.0,75539,-378159.0,75458,1257394.0,543007.0,175804.0,7901.0,70847.0,91.0,76722.0
2015,10,EV,45728,477,120,6707,209642.0,45262,103971.0,45131,751935.0,344628.0,144869.0,4604.0,95571.0,0.0,141408.0
2015,10,F9,8101,12,4,1187,32607.0,8089,664.0,8085,120777.0,75107.0,19044.0,182.0,20361.0,0.0,23350.0
2015,10,HA,6242,12,4,562,1049.0,6230,2908.0,6226,67480.0,41488.0,13539.0,274.0,1044.0,35.0,6417.0
2015,10,MQ,21982,273,48,2288,75123.0,21727,-80905.0,21661,340555.0,180475.0,57399.0,13949.0,25849.0,227.0,51792.0
2015,10,NK,10208,61,13,2167,84117.0,10153,69020.0,10134,143630.0,99642.0,5602.0,194.0,102491.0,231.0,9572.0
2015,10,OO,48808,241,81,6644,177362.0,48585,84894.0,48486,885024.0,334638.0,133152.0,8260.0,71174.0,459.0,150365.0
2015,10,UA,45894,128,90,5460,337923.0,45778,-112205.0,45676,779414.0,386810.0,126702.0,5643.0,75363.0,0.0,135264.0
2015,10,VX,5464,23,6,883,38540.0,5441,12252.0,5435,77927.0,44973.0,12112.0,1377.0,14759.0,103.0,21466.0
2015,10,WN,104516,322,141,12458,630658.0,104201,-71677.0,104053,1234216.0,633698.0,201639.0,25907.0,99295.0,251.0,290204.0
2015,11,AA,73871,552,187,11304,472940.0,73359,56504.0,73132,1308159.0,638628.0,226795.0,39566.0,159511.0,4324.0,216298.0
2015,11,AS,13950,46,33,1950,23747.0,13908,-26584.0,13871,222918.0,97176.0,27522.0,3163.0,30049.0,359.0,33348.0
2015,11,B6,21697,112,43,3535,153430.0,21585,30553.0,21542,354921.0,129454.0,68012.0,1765.0,52242.0,706.0,65147.0
2015,11,DL,72228,14,76,7519,327692.0,72216,-229068.0,72138,1233895.0,509237.0,185247.0,20185.0,99145.0,800.0,110303.0
2015,11,EV,42572,783,145,7261,298676.0,41829,183897.0,41644,708376.0,317199.0,159223.0,11762.0,119191.0,0.0,169348.0
2015,11,F9,7763,36,14,1970,90112.0,7729,86112.0,7713,126708.0,76055.0,28105.0,1155.0,48223.0,0.0,45610.0
2015,11,HA,6024,5,7,354,-10390.0,6020,-16352.0,6012,64947.0,39083.0,8579.0,237.0,34.0,0.0,3339.0
2015,11,MQ,20305,905,69,2706,140216.0,19464,4254.0,19331,311073.0,177129.0,63249.0,27079.0,47175.0,68.0,65800.0
2015,11,NK,10164,105,9,2397,87001.0,10063,75816.0,10050,142607.0,95919.0,29780.0,3143.0,60826.0,396.0,32781.0
2015,11,OO,47292,707,112,8124,318056.0,46646,228905.0,46473,892474.0,313352.0,154528.0,26753.0,116977.0,567.0,203653.0
2015,11,UA,42647,307,104,6440,476194.0,42355,11871.0,42236,717333.0,353813.0,142992.0,22448.0,120229.0,80.0,182828.0
2015,11,VX,5414,57,12,825,30972.0,5358,622.0,5345,74008.0,45510.0,11690.0,2229.0,11190.0,215.0,14631.0
2015,11,WN,104045,970,195,16186,810913.0,103101,102436.0,102880,1233508.0,633249.0,252983.0,27465.0,116462.0,1225.0,361969.0
2015,12,AA,76562,1278,206,14417,687453.0,75388,311550.0,75078,1350046.0,663838.0,302028.0,47436.0,205890.0,2412.0,288645.0
2015,12,AS,14459,93,56,1982,37285.0,14376,-26426.0,14310,230715.0,99867.0,30024.0,4157.0,29277.0,519.0,32333.0
2015,12,B6,23343,66,80,6832,420668.0,23280,321030.0,23197,399440.0,145942.0,143479.0,11095.0,89377.0,1635.0,198317.0
2015,12,DL,70639,185,166,11268,741400.0,70465,176043.0,70288,1257246.0,502458.0,261269.0,87308.0,175040.0,355.0,254663.0
2015,12,EV,44140,1517,193,8301,425870.0,42675,283652.0,42430,721268.0,315704.0,200232.0,11434.0,127297.0,0.0,224051.0
2015,12,F9,8120,85,17,1929,129059.0,8040,74938.0,8018,129569.0,80906.0,30874.0,4959.0,45592.0,0.0,63328.0
2015,12,HA,6260,5,0,434,-2771.0,6257,-10674.0,6255,68997.0,40582.0,13932.0,172.0,123.0,35.0,4367.0
2015,12,MQ,20993,805,97,3219,143289.0,20235,13310.0,20091,327377.0,180203.0,55641.0,38480.0,42326.0,635.0,69711.0
2015,12,NK,10671,182,16,3137,150292.0,10492,133354.0,10473,149895.0,98418.0,46664.0,3280.0,61982.0,778.0,66396.0
2015,12,OO,47590,1395,211,11280,591902.0,46275,503415.0,45984,940722.0,317705.0,219355.0,32524.0,168152.0,1305.0,322904.0
2015,12,UA,43443,786,103,8694,761043.0,42686,298392.0,42554,724298.0,358431.0,213000.0,34431.0,151693.0,0.0,290945.0
2015,12,VX,5534,44,20,1538,100808.0,5490,73838.0,5470,81222.0,47014.0,14088.0,3164.0,40651.0,447.0,46801.0
2015,12,WN,107476,1622,285,23741,1370237.0,105892,709518.0,105569,1259791.0,681945.0,365544.0,48458.0,150064.0,1981.0,676461.0
2016,1,AA,75580,2720,124,12444,518069.0,72884,140691.0,72736,1309845.0,630327.0,292253.0,36255.0,147387.0,1440.0,218133.0
2016,1,AS,14205,139,50,1655,13892.0,14072,-54982.0,14016,219319.0,91842.0,23250.0,4421.0,26665.0,286.0,28058.0
2016,1,B6,23018,897,52,6098,320757.0,22125,223509.0,22069,377313.0,136764.0,121296.0,11954.0,67445.0,1135.0,152299.0
2016,1,DL,69711,974,88,9234,516335.0,68750,-57578.0,68649,1272131.0,483449.0,228514.0,61263.0,133927.0,151.0,164158.0
2016,1,EV,41970,1427,95,6375,247491.0,40570,65853.0,40448,707660.0,298391.0,167003.0,10657.0,84977.0,0.0,140180.0
2016,1,F9,7099,77,4,978,45398.0,7022,-13055.0,7018,113340.0,67625.0,18135.0,1523.0,20623.0,0.0,29442.0
2016,1,HA,6279,4,5,510,-10807.0,6275,-10214.0,6270,69268.0,42649.0,13652.0,871.0,271.0,65.0,3689.0
2016,1,NK,11047,308,10,3210,156275.0,10747,140848.0,10729,156302.0,101593.0,51735.0,3381.0,61554.0,592.0,67400.0
2016,1,OO,47619,984,194,9499,467745.0,46709,345826.0,46441,952845.0,318591.0,214133.0,27413.0,135898.0,744.0,273268.0
2016,1,UA,39761,1336,56,5571,359631.0,38441,-110849.0,38369,642320.0,318418.0,123659.0,16681.0,88045.0,46.0,114689.0
2016,1,VX,5384,159,7,1205,70106.0,5227,39739.0,5218,76539.0,43725.0,13105.0,2296.0,31251.0,81.0,28931.0
2016,1,WN,104154,2640,179,14103,680262.0,101532,-45259.0,101335,1245901.0,631768.0,216252.0,24347.0,100773.0,1160.0,313317.0
2016,2,AA,71440,1003,137,10999,420518.0,70528,62780.0,70300,1284395.0,610638.0,220116.0,32547.0,187327.0,1012.0,212412.0
2016,2,AS,13399,79,64,1293,-11559.0,13323,-77400.0,13256,197051.0,86359.0,22221.0,3002.0,16977.0,242.0,19712.0
2016,2,B6,21776,559,75,6128,440262.0,21228,349848.0,21142,371225.0,136175.0,136710.0,26944.0,101208.0,786.0,216582.0
2016,2,DL,67771,313,169,8720,536448.0,67477,-107027.0,67289,1232850.0,469523.0,215444.0,57588.0,147797.0,341.0,177281.0
2016,2,EV,39926,1465,120,7013,327467.0,38498,157149.0,38341,680542.0,281341.0,178734.0,6351.0,110042.0,0.0,177466.0
2016,2,F9,6646,104,16,725,39667.0,6544,-36647.0,6526,103540.0,61987.0,14609.0,1425.0,14809.0,0.0,28247.0
2016,2,HA,5851,3,9,464,-5036.0,5848,-7553.0,5839,65002.0,39581.0,9695.0,620.0,336.0,34.0,5446.0
2016,2,NK,10354,404,12,3398,210825.0,9956,192308.0,9938,146407.0,91602.0,40157.0,2246.0,131174.0,239.0,58490.0
2016,2,OO,45616,1092,131,7025,310380.0,44570,145859.0,44393,852712.0,298877.0,166784.0,21603.0,97369.0,597.0,202763.0
2016,2,UA,38944,348,59,4957,347097.0,38609,-137593.0,38537,649746.0,312456.0,104276.0,23789.0,111286.0,0.0,134376.0
2016,2,VX,4941,38,9,714,37829.0,4904,6141.0,4894,70613.0,40348.0,8812.0,3913.0,17813.0,264.0,16607.0
2016,2,WN,97225,1415,168,10244,470733.0,95831,-271036.0,95642,1161088.0,587715.0,159542.0,30925.0,82680.0,604.0,235116.0
2016,3,AA,79119,431,174,14702,602218.0,78725,280778.0,78514,1428114.0,693730.0,282436.0,33287.0,210297.0,3048.0,313199.0
2016,3,AS,14781,108,49,1854,15291.0,14681,-24088.0,14624,218188.0,93869.0,25602.0,1156.0,29075.0,591.0,30426.0
2016,3,B6,23825,118,60,5533,289338.0,23711,172336.0,23647,407753.0,147263.0,107665.0,5996.0,79546.0,1515.0,140843.0
2016,3,DL,78210,58,142,9300,467346.0,78156,-167605.0,78010,1356573.0,530292.0,232842.0,28200.0,135988.0,404.0,161981.0
2016,3,EV,44584,611,143,6838,281269.0,44017,121215.0,43830,733821.0,319574.0,174018.0,10004.0,111417.0,0.0,165866.0
2016,3,F9,7057,181,18,1385,99172.0,6886,34516.0,6858,112205.0,66946.0,24214.0,2619.0,30123.0,0.0,56278.0
2016,3,HA,6355,9,5,634,-429.0,6346,-1666.0,6341,69884.0,43825.0,10632.0,1388.0,309.0,140.0,8440.0
2016,3,NK,11246,174,20,3790,210937.0,11084,189917.0,11052,165097.0,100980.0,3269.0,188.0,218832.0,36.0,3909.0
2016,3,OO,52057,1214,189,9683,462067.0,50893,373570.0,50654,948095.0,337364.0,209060.0,25003.0,145995.0,782.0,277028.0
2016,3,UA,44250,483,77,7799,526342.0,43788,89767.0,43690,739160.0,352519.0,159701.0,20147.0,136767.0,38.0,221361.0
2016,3,VX,5635,68,9,1402,84288.0,5568,60660.0,5558,83531.0,45699.0,14177.0,2714.0,37953.0,169.0,36479.0
2016,3,WN,112003,1278,217,19649,921032.0,110750,359517.0,110508,1327673.0,674614.0,249705.0,43077.0,166413.0,1226.0,467996.0
2016,4,AA,74859,660,170,11513,433478.0,74233,137573.0,74029,1337777.0,654957.0,231551.0,35443.0,179911.0,1105.0,229446.0
2016,4,AS,14662,16,18,1520,-12790.0,14648,-48677.0,14628,215151.0,94292.0,20535.0,742.0,23698.0,313.0,20760.0
2016,4,B6,23187,173,49,4662,251862.0,23017,119219.0,22965,391959.0,145755.0,99529.0,3623.0,73580.0,642.0,137225.0
2016,4,DL,76607,53,94,7294,354846.0,76554,-345789.0,76460,1287418.0,514333.0,217190.0,17549.0,95763.0,118.0,124134.0
2016,4,EV,40773,623,90,5118,167218.0,40166,-3402.0,40060,668499.0,290717.0,139970.0,6199.0,81890.0,0.0,109079.0
2016,4,F9,7125,28,12,973,31171.0,7097,-22420.0,7085,114689.0,68374.0,13058.0,504.0,17978.0,0.0,27656.0
2016,4,HA,6239,6,5,359,-9905.0,6233,-12347.0,6228,67876.0,41680.0,7796.0,220.0,2300.0,58.0,3678.0
2016,4,NK,11281,193,22,2740,132286.0,11093,101194.0,11066,159971.0,106361.0,35025.0,2872.0,64847.0,442.0,52825.0
2016,4,OO,50117,694,88,6376,202653.0,49454,26396.0,49335,886786.0,321750.0,146750.0,14301.0,75419.0,234.0,163770.0
2016,4,UA,43281,650,81,5718,356647.0,42639,-98415.0,42550,711174.0,341813.0,116888.0,13543.0,95872.0,0.0,160939.0
2016,4,VX,5644,45,6,1279,55102.0,5602,31998.0,5593,85317.0,49213.0,11949.0,3228.0,22712.0,312.0,26497.0
2016,4,WN,107855,968,184,19055,910697.0,106898,432909.0,106703,1270096.0,642396.0,247729.0,36742.0,159559.0,1609.0,471430.0
2016,5,AA,78678,493,263,14440,653130.0,78221,391323.0,77922,1429224.0,726692.0,299722.0,68842.0,222815.0,1584.0,311242.0
2016,5,AS,15385,33,31,1433,-23809.0,15359,-64150.0,15321,223302.0,98702.0,21270.0,1065.0,21388.0,319.0,16817.0
2016,5,B6,24240,88,37,4550,202395.0,24158,59203.0,24115,400755.0,157707.0,85315.0,9495.0,59984.0,651.0,91504.0
2016,5,DL,80556,39,118,9005,442482.0,80518,-170655.0,80399,1351269.0,539967.0,244975.0,21451.0,106623.0,483.0,145811.0
2016,5,EV,41294,452,133,6249,253531.0,40889,113834.0,40709,698468.0,296539.0,162948.0,11246.0,108684.0,0.0,135952.0
2016,5,F9,7920,21,22,1528,83282.0,7902,41320.0,7877,122843.0,80938.0,21994.0,3563.0,31013.0,0.0,53486.0
2016,5,HA,6432,17,7,482,-459.0,6417,-3266.0,6408,70689.0,43638.0,11214.0,1242.0,653.0,0.0,6296.0
2016,5,NK,11992,164,14,2650,122117.0,11836,82005.0,11814,174063.0,111141.0,31926.0,5500.0,64342.0,434.0,48707.0
2016,5,OO,51253,305,151,7196,287018.0,50967,104289.0,50797,905048.0,337961.0,149825.0,19108.0,109864.0,600.0,199351.0
2016,5,UA,45914,247,172,7052,455998.0,45687,-6848.0,45495,777271.0,384604.0,141564.0,24531.0,119899.0,0.0,197833.0
2016,5,VX,5847,40,12,1311,69019.0,5808,42918.0,5795,86583.0,48316.0,16731.0,3280.0,23752.0,122.0,29315.0
2016,5,WN,109847,610,390,19602,976407.0,109253,479427.0,108847,1284612.0,662219.0,242238.0,55551.0,156518.0,1615.0,494461.0
2016,6,AA,79648,831,278,20864,1187197.0,78874,1012411.0,78539,1483211.0,759648.0,454836.0,81849.0,299463.0,1890.0,555533.0
2016,6,AS,15730,35,44,2058,14187.0,15701,-3873.0,15651,243678.0,107527.0,26726.0,2749.0,33134.0,503.0,31528.0
2016,6,B6,23845,201,48,5865,316866.0,23655,209859.0,23596,423880.0,157892.0,104088.0,11181.0,102657.0,1080.0,150118.0
2016,6,DL,81517,13,239,13259,828884.0,81506,208763.0,81265,1459355.0,574595.0,310694.0,61369.0,208600.0,399.0,305234.0
2016,6,EV,42975,1254,190,7981,489187.0,41768,330489.0,41531,736956.0,312232.0,257626.0,11674.0,128258.0,0.0,226803.0
2016,6,F9,8107,7,20,1952,100070.0,8101,71786.0,8080,132786.0,93161.0,29940.0,1220.0,48728.0,0.0,49496.0
2016,6,HA,6731,11,6,581,83.0,6722,1289.0,6714,75718.0,47448.0,16255.0,201.0,545.0,29.0,7052.0
2016,6,NK,11605,270,21,2844,133306.0,11353,98298.0,11314,175384.0,106942.0,38051.0,3835.0,64509.0,701.0,56496.0
2016,6,OO,52850,422,173,7528,332415.0,52460,151474.0,52255,953866.0,361365.0,192414.0,23150.0,94121.0,366.0,205651.0
2016,6,UA,46424,357,242,9053,642353.0,46090,215031.0,45825,824831.0,401021.0,185203.0,37036.0,153882.0,0.0,265374.0
2016,6,VX,5919,71,15,1538,66986.0,5852,56692.0,5833,96620.0,53512.0,19628.0,4356.0,22243.0,1107.0,31387.0
2016,6,WN,112286,1510,463,26838,1538069.0,110807,1088611.0,110313,1342462.0,697691.0,412685.0,69015.0,208813.0,4863.0,783896.0
2016,7,AA,81678,1432,334,22191,1325502.0,80375,1130979.0,79912,1512679.0,782783.0,473587.0,90892.0,357317.0,2323.0,604530.0
2016,7,AS,16256,20,23,1675,-4697.0,16242,-40003.0,16213,248328.0,109327.0,26125.0,1870.0,27872.0,630.0,20013.0
2016,7,B6,24927,510,75,7455,533076.0,24430,432520.0,24342,437016.0,166305.0,157525.0,26874.0,149034.0,1221.0,231878.0
2016,7,DL,83677,241,310,14828,1156123.0,83464,463729.0,83126,1504246.0,600415.0,396055.0,92372.0,326867.0,355.0,378254.0
2016,7,EV,43562,2319,221,10119,752316.0,41355,589180.0,41022,733689.0,312079.0,333256.0,18012.0,180067.0,0.0,334035.0
2016,7,F9,9019,31,19,3260,202085.0,8991,203686.0,8969,149403.0,107336.0,53294.0,3193.0,76353.0,0.0,105497.0
2016,7,HA,7022,16,16,758,15277.0,7009,16060.0,6990,81092.0,50605.0,20948.0,762.0,745.0,10.0,14586.0
2016,7,NK,11995,251,34,2981,176255.0,11756,134474.0,11710,181435.0,112439.0,13263.0,1393.0,163869.0,78.0,26378.0
2016,7,OO,54964,501,186,8703,449843.0,54511,251916.0,54277,996453.0,377789.0,226719.0,30368.0,124331.0,782.0,246761.0
2016,7,UA,48049,561,230,10473,828020.0,47546,406446.0,47258,850154.0,429138.0,216062.0,59741.0,202660.0,0.0,334788.0
2016,7,VX,6100,32,19,1447,70304.0,6074,53758.0,6049,97033.0,56368.0,18937.0,4044.0,27440.0,130.0,30058.0
2016,7,WN,115208,3395,483,29711,1941648.0,111854,1457929.0,111330,1341883.0,725218.0,562131.0,95068.0,236333.0,1488.0,968553.0
2016,8,AA,80241,1498,317,20756,1172613.0,78856,985438.0,78426,1514175.0,766441.0,455494.0,84790.0,339962.0,4094.0,517566.0
2016,8,AS,16455,25,32,1954,9247.0,16435,-20143.0,16398,257864.0,112717.0,26058.0,2774.0,32388.0,763.0,26333.0
2016,8,B6,24728,315,41,6327,389248.0,24420,273416.0,24372,429387.0,163319.0,121940.0,17390.0,110224.0,1487.0,185356.0
2016,8,DL,84540,1807,173,15000,1381940.0,82756,675283.0,82560,1448576.0,622112.0,678645.0,37704.0,225627.0,1703.0,465651.0
2016,8,EV,43255,1609,174,9616,624355.0,41705,471013.0,41472,738000.0,317200.0,291166.0,10789.0,155274.0,0.0,294196.0
2016,8,F9,8931,36,8,3004,163647.0,8900,152553.0,8887,147100.0,107419.0,43887.0,2891.0,56876.0,0.0,87544.0
2016,8,HA,7049,17,4,500,-8186.0,7035,-8148.0,7028,81451.0,51296.0,11712.0,75.0,487.0,22.0,6669.0
2016,8,NK,11992,197,15,3176,208831.0,11814,166594.0,11780,182228.0,113488.0,22190.0,4448.0,167557.0,581.0,41671.0
2016,8,OO,54552,356,175,9577,461582.0,54230,290540.0,54021,1004417.0,380905.0,199669.0,22969.0,140521.0,866.0,286670.0
2016,8,UA,49758,313,181,10693,701368.0,49471,323610.0,49264,885307.0,448579.0,191407.0,32581.0,189407.0,1717.0,304031.0
2016,8,VX,6071,17,7,1561,67183.0,6055,52268.0,6047,98246.0,55471.0,16205.0,3086.0,29260.0,346.0,28099.0
2016,8,WN,110775,703,362,21257,1006836.0,110084,563870.0,109710,1344525.0,692676.0,280901.0,58806.0,189786.0,2947.0,508482.0
2016,9,AA,72460,243,114,11982,427405.0,72240,148749.0,72103,1356063.0,666855.0,233191.0,32480.0,189906.0,923.0,218627.0
2016,9,AS,13858,34,22,1295,-20492.0,13830,-41391.0,13802,214901.0,93147.0,19172.0,1201.0,21086.0,327.0,15310.0
2016,9,B6,22396,110,38,4613,186097.0,22292,80192.0,22248,376831.0,145549.0,72878.0,9179.0,73903.0,864.0,106467.0
2016,9,DL,75475,10,134,7268,314817.0,75466,-320276.0,75331,1264675.0,528906.0,187857.0,26185.0,107209.0,429.0,107545.0
2016,9,EV,38994,324,119,6147,297160.0,38679,129990.0,38551,665730.0,281560.0,191972.0,7296.0,96033.0,0.0,154914.0
2016,9,F9,8646,43,10,2391,139509.0,8605,110390.0,8593,135113.0,103332.0,44160.0,1818.0,37177.0,0.0,82814.0
2016,9,HA,6178,9,4,526,-4782.0,6169,-4462.0,6165,70261.0,43147.0,11270.0,187.0,1242.0,162.0,6093.0
2016,9,NK,11151,49,13,1597,53624.0,11104,7778.0,11089,163088.0,101977.0,3054.0,239.0,96021.0,8.0,4179.0
2016,9,OO,48976,187,122,5282,126353.0,48807,-49190.0,48667,888440.0,335701.0,115098.0,20804.0,80193.0,205.0,125150.0
2016,9,UA,46935,175,83,7063,386860.0,46772,13701.0,46677,803443.0,418840.0,145058.0,15524.0,121097.0,0.0,173630.0
2016,9,VX,5726,18,4,993,34261.0,5708,15045.0,5704,86513.0,48528.0,10510.0,3010.0,15377.0,614.0,17983.0
2016,9,WN,104083,315,140,14529,605946.0,103777,135383.0,103628,1237903.0,628336.0,188054.0,27300.0,124833.0,613.0,318908.0
2016,10,AA,75171,825,86,10603,341524.0,74358,-1611.0,74260,1371440.0,683246.0,207907.0,6869.0,152090.0,1061.0,176503.0
2016,10,AS,14088,84,29,1643,-1778.0,14005,-29528.0,13975,217742.0,95605.0,18372.0,2276.0,31776.0,129.0,26009.0
2016,10,B6,23229,536,50,4755,211371.0,22695,86110.0,22643,372508.0,149175.0,87391.0,5749.0,62653.0,624.0,101079.0
2016,10,DL,78967,473,72,5636,199821.0,78494,-537724.0,78422,1283637.0,538575.0,155429.0,4195.0,80030.0,390.0,66128.0
2016,10,EV,39645,318,71,5694,267173.0,39338,54248.0,39256,660691.0,285573.0,175830.0,6471.0,84498.0,0.0,135772.0
2016,10,F9,8693,122,3,1803,87470.0,8573,48181.0,8568,133191.0,96235.0,29711.0,357.0,26623.0,0.0,52142.0
2016,10,HA,6232,6,7,410,-1772.0,6226,-4609.0,6219,69433.0,42875.0,13566.0,38.0,198.0,38.0,6135.0
2016,10,NK,11503,295,16,1580,63636.0,11209,15088.0,11192,161905.0,100831.0,17412.0,524.0,69823.0,162.0,21171.0
2016,10,OO,51015,533,71,6774,247568.0,50495,79448.0,50411,944859.0,349512.0,153637.0,17645.0,103903.0,513.0,170712.0
2016,10,UA,49951,349,65,7899,457453.0,49623,36611.0,49537,841557.0,426894.0,153199.0,4152.0,145508.0,53.0,199391.0
2016,10,VX,5854,70,16,1303,73203.0,5786,54682.0,5768,89845.0,48701.0,10477.0,2931.0,43483.0,169.0,29291.0
2016,10,WN,108278,936,107,15370,626322.0,107348,94833.0,107235,1295196.0,646429.0,177662.0,13861.0,147025.0,291.0,312484.0
2016,11,AA,71819,181,87,10207,303673.0,71659,-121199.0,71551,1297627.0,638603.0,178474.0,7950.0,154813.0,1465.0,175517.0
2016,11,AS,13946,10,19,1652,-10230.0,13937,-60544.0,13917,213231.0,96470.0,23433.0,1347.0,23838.0,294.0,20798.0
2016,11,B6,22974,42,40,3516,115242.0,22933,-53533.0,22892,367554.0,148190.0,73106.0,1278.0,49666.0,320.0,67772.0
2016,11,DL,74103,0,79,6317,259453.0,74103,-465303.0,74024,1232763.0,506890.0,161009.0,11386.0,90361.0,445.0,86401.0
2016,11,EV,36499,345,105,5847,324796.0,36160,122047.0,36049,619198.0,260848.0,183659.0,7557.0,90842.0,0.0,165724.0
2016,11,F9,7707,6,8,949,27330.0,7701,-36898.0,7693,116097.0,85132.0,16547.0,134.0,14139.0,0.0,21412.0
2016,11,HA,6074,11,6,498,-3366.0,6066,-2359.0,6057,67247.0,41035.0,13622.0,412.0,172.0,10.0,5258.0
2016,11,NK,11607,38,7,1529,42373.0,11573,-7672.0,11562,162195.0,101455.0,21105.0,1754.0,43120.0,156.0,28600.0
2016,11,OO,47286,328,146,6520,286962.0,46979,62070.0,46812,888942.0,334511.0,152175.0,37439.0,91885.0,541.0,188924.0
2016,11,UA,46082,116,64,6229,354963.0,45973,-143617.0,45902,773175.0,383627.0,118092.0,12354.0,110883.0,0.0,148179.0
2016,11,VX,5917,13,2,1083,38583.0,5905,4790.0,5902,85295.0,49588.0,11302.0,3588.0,17878.0,65.0,18218.0
2016,11,WN,106924,220,154,14524,617464.0,106711,-133238.0,106550,1263128.0,667205.0,173705.0,19299.0,124891.0,2100.0,294836.0
2016,12,AA,73802,550,132,14752,684940.0,73287,415848.0,73120,1359043.0,665182.0,300622.0,39547.0,204664.0,1926.0,327894.0
2016,12,AS,14515,232,71,3164,102670.0,14287,77968.0,14212,246175.0,106626.0,40043.0,10625.0,57631.0,546.0,64354.0
2016,12,B6,24328,248,100,6635,379487.0,24084,286043.0,23980,413170.0,161483.0,135945.0,11181.0,87952.0,2115.0,198894.0
2016,12,DL,71612,135,116,13077,834460.0,71486,314212.0,71361,1308749.0,526807.0,334783.0,72756.0,203219.0,598.0,252060.0
2016,12,EV,37513,1142,116,8670,574455.0,36397,446052.0,36255,659767.0,273795.0,267305.0,18677.0,140895.0,0.0,248339.0
2016,12,F9,8171,523,10,2536,204927.0,7658,177289.0,7638,127055.0,93692.0,64196.0,6955.0,45751.0,0.0,107018.0
2016,12,HA,6347,9,10,926,24992.0,6340,31714.0,6328,72491.0,44452.0,29055.0,4617.0,380.0,232.0,12101.0
2016,12,NK,12426,286,15,3164,166850.0,12149,141937.0,12125,184032.0,109053.0,51770.0,3618.0,88662.0,250.0,66599.0
2016,12,OO,49628,1830,283,12865,857791.0,47874,753018.0,47515,1036938.0,356851.0,332779.0,67838.0,185940.0,795.0,428682.0
2016,12,UA,45718,535,97,10334,726953.0,45210,357011.0,45086,779126.0,400291.0,199703.0,51154.0,181510.0,224.0,277424.0
2016,12,VX,6083,98,89,1741,103285.0,5988,83342.0,5896,91000.0,53582.0,20335.0,7755.0,35832.0,276.0,51002.0
2016,12,WN,110806,1876,217,25729,1369663.0,108962,834010.0,108713,1345297.0,722435.0,351283.0,40410.0,199383.0,1102.0,697706.0
2017,1,AA,73132,980,205,13999,542306.0,72214,237929.0,71947,1357471.0,655330.0,262291.0,32928.0,215165.0,2494.0,262373.0
2017,1,AS,14711,257,68,2964,76962.0,14469,47640.0,14386,247794.0,106917.0,34787.0,11325.0,55175.0,501.0,56879.0
2017,1,B6,24602,525,109,6061,341590.0,24088,201888.0,23968,413254.0,167512.0,123024.0,8707.0,92271.0,1896.0,177482.0
2017,1,DL,69813,782,189,12507,937289.0,69078,296384.0,68842,1275896.0,516238.0,385953.0,119719.0,210571.0,424.0,274704.0
2017,1,EV,35037,1159,146,8236,601381.0,33917,444352.0,33732,631538.0,255694.0,299209.0,11271.0,130083.0,0.0,261288.0
2017,1,F9,7760,162,19,2205,126336.0,7603,91530.0,7579,126462.0,81171.0,36930.0,1919.0,42050.0,0.0,68557.0
2017,1,HA,6276,18,7,875,18251.0,6258,22611.0,6251,71707.0,42782.0,26199.0,785.0,220.0,107.0,12349.0
2017,1,NK,12570,441,19,2957,142164.0,12140,108913.0,12110,185786.0,107921.0,26852.0,2166.0,129635.0,104.0,35892.0
2017,1,OO,50146,1880,272,12386,737642.0,48366,601294.0,47994,1053487.0,361019.0,291017.0,57385.0,188101.0,1248.0,387883.0
2017,1,UA,42403,232,115,8831,575304.0,42192,206578.0,42056,751794.0,357465.0,189305.0,22680.0,187095.0,148.0,217176.0
2017,1,VX,5782,137,77,1874,100936.0,5648,86671.0,5568,90235.0,52251.0,17445.0,6264.0,47026.0,78.0,46317.0
2017,1,WN,107785,2313,260,24804,1157048.0,105503,711714.0,105212,1324904.0,687079.0,291141.0,53985.0,240634.0,791.0,636445.0
2017,2,AA,67123,791,115,9046,284864.0,66346,-81405.0,66217,1207053.0,594209.0,189352.0,15534.0,139540.0,454.0,161090.0
2017,2,AS,13346,294,58,2644,70654.0,13066,52976.0,12994,220133.0,98312.0,38468.0,8810.0,54722.0,250.0,49254.0
2017,2,B6,22511,985,77,5172,239949.0,21530,123234.0,21449,372852.0,144296.0,94239.0,7477.0,75075.0,769.0,126566.0
2017,2,DL,65313,356,95,6428,311121.0,64967,-410418.0,64862,1109084.0,446090.0,150944.0,30638.0,107583.0,104.0,103547.0
2017,2,EV,30444,657,92,4621,241717.0,29802,40451.0,29695,520501.0,210644.0,146554.0,6379.0,73928.0,0.0,121057.0
2017,2,F9,6710,51,14,1125,51836.0,6661,-6368.0,6645,104718.0,67120.0,18750.0,849.0,17770.0,0.0,31200.0
2017,2,HA,5789,13,5,1243,43323.0,5777,54481.0,5771,69037.0,40562.0,22753.0,6271.0,2137.0,41.0,33168.0
2017,2,NK,11443,199,16,1893,70836.0,11252,27869.0,11228,162821.0,96085.0,28591.0,1616.0,56942.0,167.0,32924.0
2017,2,OO,46953,1115,233,8122,445634.0,45884,229612.0,45605,911379.0,330736.0,221800.0,32466.0,134858.0,590.0,255595.0
2017,2,UA,40004,370,78,6941,422803.0,39637,55763.0,39556,695881.0,320012.0,130713.0,18207.0,161398.0,33.0,180273.0
2017,2,VX,5140,180,40,1599,80632.0,4961,73379.0,4920,80180.0,43204.0,11092.0,7663.0,47519.0,143.0,31262.0
2017,2,WN,95741,1301,157,15430,600452.0,94452,117667.0,94283,1142205.0,590402.0,163305.0,29737.0,152806.0,205.0,331637.0
2017,3,AA,78114,1225,134,14113,600849.0,76926,262198.0,76755,1446680.0,700409.0,280480.0,17839.0,207236.0,1536.0,297770.0
2017,3,AS,15422,98,49,2975,49161.0,15328,51470.0,15275,253225.0,112207.0,36457.0,2873.0,47900.0,765.0,48255.0
2017,3,B6,25975,1018,31,6525,381192.0,24961,246683.0,24926,452082.0,163462.0,128251.0,5367.0,129337.0,500.0,179215.0
2017,3,DL,79070,439,137,9773,583158.0,78642,-148039.0,78494,1355640.0,544913.0,238209.0,48899.0,185917.0,311.0,189238.0
2017,3,EV,35235,1284,81,7179,486383.0,33962,327992.0,33870,608315.0,243405.0,250761.0,7040.0,113779.0,0.0,218376.0
2017,3,F9,7745,91,4,1508,76883.0,7656,29206.0,7650,123979.0,76789.0,20607.0,1489.0,27093.0,0.0,45542.0
2017,3,HA,6596,23,7,977,15331.0,6576,24544.0,6566,77574.0,46066.0,20137.0,2423.0,530.0,114.0,15520.0
2017,3,NK,12882,321,19,2877,158665.0,12571,118529.0,12542,192056.0,111767.0,50083.0,3494.0,87269.0,158.0,63441.0
2017,3,OO,58100,1110,190,11171,615330.0,57030,455444.0,56800,1118160.0,413862.0,273258.0,43823.0,167504.0,245.0,361172.0
2017,3,UA,48497,663,68,8504,501502.0,47840,137212.0,47766,840296.0,390987.0,152120.0,11211.0,181339.0,0.0,217110.0
2017,3,VX,5817,144,13,1851,94787.0,5676,87273.0,5661,93214.0,49816.0,14656.0,4238.0,46911.0,192.0,40898.0
2017,3,WN,115144,2111,184,21185,895882.0,113053,470916.0,112849,1387254.0,703452.0,231328.0,36942.0,191787.0,875.0,477510.0
2017,4,AA,73656,745,142,14819,706212.0,72964,436772.0,72769,1375081.0,672154.0,280228.0,28976.0,272635.0,1100.0,367915.0
2017,4,AS,15261,62,40,2706,36004.0,15203,32187.0,15159,244580.0,106688.0,31662.0,2234.0,47828.0,344.0,42994.0
2017,4,B6,25191,374,41,6536,447883.0,24828,289533.0,24776,443635.0,165391.0,131059.0,5576.0,147595.0,627.0,218605.0
2017,4,DL,77046,3151,177,14493,1430777.0,73926,828058.0,73718,1254356.0,527343.0,514692.0,224027.0,284173.0,493.0,442391.0
2017,4,EV,30789,911,102,6484,484239.0,29900,344755.0,29776,539800.0,215857.0,247037.0,12274.0,116421.0,0.0,213006.0
2017,4,F9,7801,27,9,1562,84551.0,7777,47829.0,7764,126504.0,78219.0,23977.0,1323.0,33928.0,0.0,53115.0
2017,4,HA,6470,13,3,708,-1316.0,6460,7860.0,6454,74166.0,43830.0,16550.0,662.0,247.0,0.0,9126.0
2017,4,NK,12544,229,17,2635,149866.0,12325,97160.0,12298,186279.0,112416.0,50024.0,2513.0,81278.0,341.0,61295.0
2017,4,OO,56210,914,122,10229,598597.0,55328,433158.0,55174,1038283.0,397677.0,298927.0,31866.0,156707.0,309.0,342324.0
2017,4,UA,45541,34,84,8136,467996.0,45514,146852.0,45423,820807.0,369179.0,124913.0,9924.0,221799.0,0.0,206353.0
2017,4,VX,5597,94,6,1880,113329.0,5505,103004.0,5497,89328.0,46225.0,13136.0,4326.0,65879.0,996.0,42734.0
2017,4,WN,112223,844,211,21955,1058055.0,111391,601056.0,111168,1334346.0,699009.0,268972.0,41926.0,212102.0,286.0,580264.0
2017,5,AA,77328,498,161,14699,641219.0,76878,327590.0,76669,1459780.0,713450.0,270284.0,17832.0,264601.0,1357.0,313351.0
2017,5,AS,16108,82,36,2685,25997.0,16031,20073.0,15990,270581.0,112347.0,31583.0,3794.0,49693.0,404.0,35833.0
2017,5,B6,25519,676,50,7633,606290.0,24859,423143.0,24793,452868.0,166717.0,161805.0,6117.0,190964.0,896.0,259036.0
2017,5,DL,80742,56,175,13694,819597.0,80699,277745.0,80511,1387516.0,565070.0,302808.0,21646.0,297900.0,402.0,266189.0
2017,5,EV,30851,726,100,6337,429419.0,30143,300916.0,30025,542479.0,219449.0,215116.0,5469.0,136040.0,0.0,182448.0
2017,5,F9,8632,42,6,1969,97057.0,8590,66297.0,8585,136618.0,91218.0,23469.0,1798.0,40408.0,0.0,61144.0
2017,5,HA,6790,12,3,686,5387.0,6778,10547.0,6775,79397.0,46477.0,19396.0,92.0,1119.0,24.0,8536.0
2017,5,NK,13405,840,12,3307,187200.0,12577,143647.0,12553,192800.0,118813.0,54842.0,4124.0,104179.0,529.0,65892.0
2017,5,OO,58567,400,111,9813,476482.0,58200,313035.0,58056,1092191.0,423433.0,253398.0,27258.0,153426.0,127.0,301502.0
2017,5,UA,49408,69,110,8587,497181.0,49355,131667.0,49229,898850.0,403946.0,140085.0,20395.0,234258.0,0.0,207859.0
2017,5,VX,5894,107,8,2317,128227.0,5789,120249.0,5779,105014.0,55789.0,17125.0,1414.0,69070.0,312.0,52785.0
2017,5,WN,113239,531,172,24953,1308634.0,112718,768489.0,112536,1370375.0,723432.0,312365.0,48786.0,232434.0,836.0,645959.0
2017,6,AA,77129,1294,241,19143,1073269.0,75932,847592.0,75594,1487226.0,746265.0,361406.0,75036.0,337484.0,1836.0,509330.0
2017,6,AS,16378,91,35,2671,45689.0,16299,20413.0,16252,277171.0,119485.0,34700.0,2337.0,46996.0,586.0,40426.0
2017,6,B6,25333,621,75,9295,738682.0,24744,617945.0,24637,483862.0,178193.0,194299.0,24581.0,193225.0,924.0,358553.0
2017,6,DL,81033,93,194,13681,837259.0,80951,254856.0,80746,1464636.0,590251.0,314004.0,47064.0,270994.0,884.0,277443.0
2017,6,EV,30131,654,99,6755,459896.0,29501,360265.0,29378,553359.0,226148.0,208512.0,8756.0,169081.0,0.0,188517.0
2017,6,F9,8913,23,10,2362,153590.0,8896,106863.0,8880,143975.0,96527.0,35462.0,2754.0,46929.0,0.0,77198.0
2017,6,HA,7076,13,6,663,4553.0,7064,7911.0,7057,85943.0,49941.0,19394.0,15.0,757.0,47.0,7284.0
2017,6,NK,13486,549,25,3701,233490.0,12950,192280.0,12912,203055.0,123004.0,52594.0,9251.0,119751.0,1290.0,90104.0
2017,6,OO,61567,590,159,10939,639186.0,61013,437625.0,60818,1152973.0,452963.0,322765.0,36820.0,146279.0,1003.0,364765.0
2017,6,UA,52015,241,151,10331,679021.0,51792,314516.0,51623,984595.0,428761.0,191316.0,30054.0,244696.0,117.0,302894.0
2017,6,VX,5970,67,12,1880,95672.0,5909,83144.0,5891,107691.0,61608.0,22857.0,1560.0,43013.0,451.0,43321.0
2017,6,WN,115235,1143,299,29298,1694834.0,114119,1209593.0,113793,1420729.0,763368.0,405718.0,81494.0,240030.0,2427.0,834152.0
2017,7,AA,79403,1506,330,19527,1151508.0,78024,867689.0,77567,1505768.0,793333.0,404061.0,90966.0,313719.0,3345.0,527143.0
2017,7,AS,17027,69,39,2322,25656.0,16971,-18777.0,16919,287494.0,123364.0,35517.0,4004.0,32538.0,805.0,32884.0
2017,7,B6,26436,659,99,8894,664129.0,25806,551037.0,25678,485172.0,189557.0,196997.0,21818.0,175998.0,857.0,321162.0
2017,7,DL,83604,36,241,13817,875142.0,83574,231902.0,83327,1519399.0,612564.0,353040.0,53414.0,259272.0,2199.0,280089.0
2017,7,EV,29231,884,104,6159,412020.0,28377,304088.0,28243,524098.0,218034.0,189258.0,10127.0,154181.0,0.0,165295.0
2017,7,F9,9611,45,23,2314,168948.0,9574,96442.0,9543,156670.0,105918.0,34856.0,3030.0,42849.0,0.0,91175.0
2017,7,HA,7308,21,6,538,-1620.0,7289,-1965.0,7281,87785.0,51388.0,12212.0,102.0,595.0,189.0,6983.0
2017,7,NK,14212,416,32,3318,192423.0,13818,134431.0,13764,212034.0,135056.0,23125.0,5241.0,169541.0,330.0,38206.0
2017,7,OO,64559,814,139,12564,763027.0,63790,578802.0,63606,1237403.0,483452.0,361051.0,36731.0,168590.0,447.0,439684.0
2017,7,UA,53569,435,228,10739,761702.0,53161,356075.0,52906,1036694.0,433215.0,196130.0,51341.0,240875.0,0.0,368667.0
2017,7,VX,6135,20,9,1461,62595.0,6119,37047.0,6107,111047.0,61374.0,14498.0,2436.0,32791.0,276.0,27198.0
2017,7,WN,117975,852,305,28428,1568160.0,117151,1025394.0,116818,1487305.0,784509.0,382918.0,78704.0,225258.0,1301.0,768009.0
2017,8,AA,79269,994,236,16471,757301.0,78357,510286.0,78039,1513074.0,757922.0,307719.0,45074.0,266876.0,2437.0,361097.0
2017,8,AS,16784,109,41,2732,43797.0,16681,15221.0,16634,288452.0,121197.0,32365.0,2437.0,46940.0,1171.0,38640.0
2017,8,B6,26194,584,76,7699,488998.0,25627,385799.0,25534,476610.0,184495.0,170866.0,17195.0,126492.0,1538.0,234157.0
2017,8,DL,84805,191,163,10307,518454.0,84622,-182677.0,84451,1471179.0,612517.0,242963.0,22743.0,166696.0,937.0,174936.0
2017,8,EV,28807,1945,98,5411,319782.0,26895,205536.0,26764,501414.0,205845.0,148805.0,10621.0,117996.0,0.0,148968.0
2017,8,F9,9232,106,16,1982,123724.0,9126,70737.0,9114,149761.0,93315.0,31055.0,1113.0,36205.0,0.0,73273.0
2017,8,HA,7280,21,11,479,-5444.0,7260,-5311.0,7248,86961.0,51454.0,13647.0,269.0,416.0,8.0,6452.0
2017,8,NK,14253,486,27,2784,127646.0,13780,73210.0,13740,211011.0,128828.0,27447.0,5830.0,105983.0,325.0,40231.0
2017,8,OO,66073,1015,153,13671,875802.0,65098,713395.0,64905,1289397.0,492934.0,411529.0,45330.0,192198.0,1077.0,479257.0
2017,8,UA,55445,2201,193,10093,575238.0,53273,209451.0,53051,1053045.0,427492.0,152343.0,50921.0,225083.0,134.0,275778.0
2017,8,VX,6151,36,16,2000,90406.0,6118,86398.0,6100,128765.0,55775.0,18203.0,1683.0,54304.0,245.0,44209.0
2017,8,WN,116158,3319,256,31080,1671380.0,112872,1251958.0,112583,1477320.0,764787.0,419307.0,65996.0,243979.0,1302.0,832508.0
2017,9,AA,72061,3328,113,8934,282959.0,68756,-42907.0,68620,1259499.0,638889.0,191177.0,22351.0,128703.0,1442.0,159993.0
2017,9,AS,14934,109,29,1895,-4495.0,14828,-38551.0,14796,251168.0,105279.0,27267.0,1977.0,29208.0,220.0,21852.0
2017,9,B6,23957,2233,34,4887,272802.0,21734,140143.0,21690,396466.0,145869.0,100089.0,10357.0,102718.0,491.0,134869.0
2017,9,DL,75505,1705,125,6702,290978.0,73804,-289815.0,73675,1231980.0,516763.0,183457.0,37216.0,118517.0,283.0,91815.0
2017,9,EV,24040,996,56,3517,150937.0,23052,35609.0,22988,421201.0,174213.0,100608.0,2179.0,74233.0,0.0,78637.0
2017,9,F9,8662,274,14,1103,48023.0,8389,-16387.0,8374,128912.0,80853.0,21200.0,594.0,16608.0,0.0,34119.0
2017,9,HA,6571,23,2,370,-11501.0,6552,-17068.0,6546,75688.0,45157.0,11516.0,484.0,169.0,33.0,3513.0
2017,9,NK,12919,1350,9,1864,86201.0,11577,-4169.0,11560,170429.0,106921.0,39892.0,3715.0,46187.0,286.0,40466.0
2017,9,OO,59781,366,126,7847,270095.0,59435,67173.0,59289,1133329.0,450725.0,213592.0,21855.0,96981.0,556.0,211705.0
2017,9,UA,48875,1456,67,5588,166181.0,47425,-217175.0,47352,885402.0,381361.0,89683.0,8826.0,125113.0,7.0,112459.0
2017,9,VX,5808,53,11,1247,33970.0,5755,24939.0,5744,113665.0,49906.0,13557.0,1384.0,29210.0,423.0,23258.0
2017,9,WN,105614,3450,205,14960,764751.0,102175,112298.0,101959,1254094.0,518396.0,204936.0,28738.0,123019.0,475.0,365912.0
2017,10,AA,75712,362,119,10803,382562.0,75375,74373.0,75231,1384183.0,694864.0,219471.0,12016.0,160783.0,1534.0,201191.0
2017,10,AS,15076,77,44,1990,11284.0,15003,-31789.0,14955,256056.0,105556.0,27931.0,1035.0,33648.0,454.0,30302.0
2017,10,B6,24285,505,48,4390,220899.0,23785,58591.0,23732,408581.0,153492.0,77981.0,6151.0,105457.0,617.0,103533.0
2017,10,DL,79476,10,85,8316,399160.0,79466,-177793.0,79381,1309920.0,551461.0,199703.0,13611.0,155802.0,1058.0,137303.0
2017,10,EV,23622,329,55,4200,248929.0,23299,146868.0,23238,434104.0,172877.0,141871.0,4695.0,82319.0,0.0,115884.0
2017,10,F9,9270,50,16,1598,100225.0,9220,36593.0,9209,142495.0,88673.0,30400.0,392.0,23916.0,0.0,63533.0
2017,10,HA,6744,25,9,671,5396.0,6721,4771.0,6710,78696.0,46622.0,14255.0,1546.0,198.0,60.0,9834.0
2017,10,NK,13080,81,9,1591,60074.0,13001,-36081.0,12990,187050.0,120197.0,27016.0,3109.0,45063.0,915.0,38438.0
2017,10,OO,64740,963,164,10737,560617.0,63817,377861.0,63613,1246457.0,479692.0,312324.0,34317.0,148380.0,736.0,338462.0
2017,10,UA,51284,156,85,6961,319250.0,51140,-68802.0,51043,963714.0,393255.0,102825.0,16738.0,183573.0,101.0,165076.0
2017,10,VX,6246,97,12,1560,74914.0,6153,61531.0,6137,122229.0,50769.0,16072.0,1364.0,48328.0,130.0,36278.0
2017,10,WN,110262,648,101,16210,803749.0,109625,115041.0,109513,1348876.0,553929.0,245318.0,6251.0,118391.0,3294.0,339384.0
2017,11,AA,69677,103,80,7638,234103.0,69583,-244720.0,69494,1245090.0,633818.0,167366.0,5578.0,83816.0,4339.0,135721.0
2017,11,AS,14638,135,27,2299,36074.0,14512,2808.0,14476,258467.0,106535.0,30063.0,9555.0,42777.0,1003.0,43171.0
2017,11,B6,23664,64,37,3082,69007.0,23605,-98545.0,23563,388822.0,151850.0,59563.0,776.0,42060.0,2278.0,53150.0
2017,11,DL,74348,0,60,4642,109815.0,74348,-666387.0,74288,1202439.0,507675.0,128605.0,7860.0,62584.0,425.0,49584.0
2017,11,EV,20595,65,19,2730,90140.0,20531,-43295.0,20511,385888.0,152993.0,61465.0,2753.0,54295.0,0.0,59398.0
2017,11,F9,9165,18,11,1259,67633.0,9147,-13584.0,9136,135676.0,87146.0,24395.0,340.0,13876.0,0.0,43859.0
2017,11,HA,6500,25,8,662,2511.0,6476,2330.0,6467,75553.0,44467.0,15268.0,170.0,167.0,22.0,8054.0
2017,11,NK,12806,50,10,1252,24519.0,12762,-67481.0,12746,177816.0,115185.0,22022.0,358.0,31856.0,896.0,24455.0
2017,11,OO,59264,390,130,8111,350877.0,58909,88657.0,58744,1153139.0,446589.0,241192.0,35950.0,112561.0,1505.0,226838.0
2017,11,UA,48354,18,44,5465,197856.0,48339,-226794.0,48292,889813.0,359814.0,89612.0,2598.0,126180.0,0.0,133186.0
2017,11,VX,6135,77,36,1268,33149.0,6060,18470.0,6022,118234.0,52188.0,13005.0,1824.0,29064.0,468.0,21523.0
2017,11,WN,109016,473,113,12890,727884.0,108553,-189172.0,108430,1290107.0,538625.0,226986.0,8527.0,76203.0,5076.0,300755.0
2017,12,AA,73744,312,116,12834,581118.0,73457,201820.0,73316,1394091.0,692249.0,265343.0,43889.0,180593.0,1260.0,270496.0
2017,12,AS,15383,125,38,2393,34318.0,15270,-38220.0,15220,279604.0,117402.0,32269.0,4651.0,34206.0,1162.0,36668.0
2017,12,B6,24987,44,62,6373,346267.0,24953,239838.0,24881,454437.0,172007.0,142695.0,12323.0,86096.0,874.0,187583.0
2017,12,DL,72805,2141,167,9735,660951.0,70697,-82036.0,70497,1320311.0,535280.0,270588.0,103005.0,192672.0,823.0,159184.0
2017,12,EV,20759,356,49,4496,260157.0,20410,170041.0,20354,413871.0,161455.0,111496.0,16040.0,103120.0,0.0,110769.0
2017,12,F9,9526,77,11,2222,139329.0,9453,69415.0,9438,154160.0,95712.0,41412.0,2856.0,32370.0,0.0,72255.0
2017,12,HA,6772,23,14,1261,37219.0,6750,41483.0,6735,81042.0,49518.0,27209.0,2519.0,1174.0,25.0,24483.0
2017,12,NK,13218,179,14,2403,110913.0,13047,57268.0,13025,203540.0,121529.0,40762.0,5094.0,71130.0,453.0,46045.0
2017,12,OO,60567,901,256,13098,859614.0,59717,619287.0,59410,1319974.0,465475.0,372855.0,88905.0,190405.0,943.0,440362.0
2017,12,UA,49086,84,87,7403,324428.0,49010,-42630.0,48915,937446.0,375921.0,120433.0,30674.0,150066.0,0.0,158710.0
2017,12,VX,6306,21,29,1054,16503.0,6289,-5183.0,6256,122081.0,59444.0,17739.0,442.0,16792.0,275.0,16007.0
2017,12,WN,111052,1061,146,22030,1191164.0,110010,410929.0,109845,1382273.0,569393.0,338765.0,20552.0,148000.0,6114.0,525389.0
2018,1,9E,18234,1113,32,3134,205664.0,16646,54075.0,16887,392073.0,130408.0,79376.0,39907.0,58544.0,1.0,88424.0
2018,1,AA,73598,1478,106,11319,500128.0,72156,30903.0,72014,1378177.0,665079.0,254933.0,37252.0,151264.0,1189.0,231271.0
2018,1,AS,15312,142,46,1515,-34109.0,15179,-105737.0,15124,263628.0,110019.0,20492.0,1888.0,26158.0,331.0,20948.0
2018,1,B6,24871,1471,70,6973,478449.0,23420,349114.0,23330,421291.0,168662.0,193907.0,14514.0,88760.0,1218.0,232691.0
2018,1,DL,71254,1539,115,9543,679220.0,69754,-81134.0,69600,1247235.0,513008.0,221638.0,131835.0,180576.0,182.0,210202.0
2018,1,EV,20166,997,57,4077,261597.0,19175,152177.0,19112,388662.0,148940.0,126730.0,16259.0,78970.0,0.0,112229.0
2018,1,F9,9707,188,12,2235,152157.0,9520,83151.0,9507,156569.0,97405.0,46435.0,2078.0,29727.0,0.0,90903.0
2018,1,G4,6814,58,26,1376,69969.0,6760,40039.0,6730,92900.0,44000.0,33817.0,6879.0,13194.0,287.0,37532.0
2018,1,HA,6627,11,11,751,11413.0,6617,8090.0,6605,78907.0,47827.0,19926.0,3251.0,659.0,377.0,8404.0
2018,1,MQ,22502,861,60,4774,191218.0,21670,151550.0,21581,414952.0,191057.0,73148.0,29598.0,65726.0,237.0,107628.0
2018,1,NK,14180,369,12,2042,77576.0,13816,-6723.0,13799,209033.0,130689.0,35756.0,2447.0,61505.0,350.0,35425.0
2018,1,OH,22210,1553,56,5007,285371.0,20687,219325.0,20601,365859.0,172488.0,90271.0,16394.0,46462.0,680.0,160979.0
2018,1,OO,62194,1562,291,13507,918189.0,60714,633365.0,60341,1321500.0,471566.0,402723.0,80427.0,181847.0,2086.0,489617.0
2018,1,UA,45384,898,81,5987,261360.0,44494,-105655.0,44405,841165.0,333640.0,97697.0,31978.0,120382.0,0.0,132831.0
2018,1,VX,5824,103,6,911,16195.0,5722,-15737.0,5715,110878.0,49373.0,13030.0,768.0,21525.0,274.0,10033.0
2018,1,WN,109676,2467,186,17278,861236.0,107240,30197.0,107023,1361849.0,546706.0,242623.0,13976.0,153453.0,2219.0,372362.0
2018,1,YV,16353,984,37,2754,136217.0,15380,68026.0,15332,280854.0,114941.0,79233.0,11623.0,30461.0,291.0,64328.0
2018,1,YX,25212,1375,45,4577,173023.0,23845,57190.0,23792,516430.0,208199.0,67652.0,23820.0,87351.0,216.0,101620.0
2018,2,9E,17375,421,58,3201,220672.0,16508,83808.0,16667,376182.0,122265.0,80740.0,27308.0,61596.0,0.0,107602.0
2018,2,AA,68389,855,173,12131,499096.0,67574,135375.0,67361,1303960.0,618807.0,222586.0,36389.0,196917.0,798.0,248001.0
2018,2,AS,14056,89,26,1955,-14690.0,13971,-58730.0,13941,248428.0,99428.0,25160.0,3565.0,32926.0,411.0,21375.0
2018,2,B6,22847,358,69,5378,260901.0,22497,135629.0,22420,397616.0,154727.0,122577.0,3955.0,68276.0,420.0,120432.0
2018,2,DL,66302,70,122,7848,438089.0,66237,-228503.0,66110,1173452.0,471465.0,203762.0,48518.0,129105.0,569.0,163621.0
2018,2,EV,17962,386,66,4050,242855.0,17584,174223.0,17510,358565.0,136798.0,112133.0,14271.0,94640.0,0.0,106305.0
2018,2,F9,8712,111,12,2157,142077.0,8609,90013.0,8589,145138.0,85442.0,40633.0,1507.0,32810.0,0.0,85970.0
2018,2,G4,7047,29,20,1481,78954.0,7021,52848.0,6998,95388.0,45477.0,43193.0,4658.0,15715.0,306.0,43535.0
2018,2,HA,5990,20,4,1158,34578.0,5971,36715.0,5966,73616.0,44158.0,24134.0,4145.0,241.0,10.0,21229.0
2018,2,MQ,20681,1269,78,4726,200234.0,19488,176330.0,19334,375685.0,166091.0,57242.0,35513.0,79496.0,170.0,116024.0
2018,2,NK,12971,177,18,2149,128703.0,12800,60373.0,12776,196889.0,120243.0,38193.0,5287.0,78171.0,250.0,54761.0
2018,2,OH,20546,550,77,5106,309274.0,20022,248873.0,19919,348733.0,165839.0,77890.0,27006.0,41751.0,625.0,189805.0
2018,2,OO,55986,1543,238,11659,664969.0,54512,476299.0,54205,1197455.0,424029.0,289455.0,76652.0,185262.0,334.0,374456.0
2018,2,UA,41650,163,91,6126,220401.0,41497,-49472.0,41396,810620.0,308960.0,84630.0,28553.0,145335.0,247.0,116854.0
2018,2,VX,5322,27,58,887,16450.0,5297,-4744.0,5237,106371.0,44662.0,13005.0,95.0,17571.0,70.0,11812.0
2018,2,WN,97017,2037,227,19965,1054659.0,94991,388573.0,94753,1216318.0,492528.0,281639.0,16111.0,172246.0,2463.0,431961.0
2018,2,YV,14630,437,45,3218,176346.0,14215,131390.0,14148,266280.0,108370.0,68042.0,24527.0,41230.0,541.0,93726.0
2018,2,YX,23248,434,52,4096,129266.0,22835,29880.0,22762,482008.0,194013.0,56271.0,8990.0,89935.0,372.0,87134.0
2018,3,9E,21272,1533,30,3582,167305.0,19136,65997.0,19336,427159.0,140604.0,79839.0,8399.0,50740.0,297.0,89258.0
2018,3,AA,78208,2489,117,11200,471914.0,75757,-16166.0,75602,1391538.0,692276.0,243550.0,17616.0,122518.0,1424.0,225735.0
2018,3,AS,15937,132,26,1950,-18693.0,15812,-69006.0,15779,267178.0,111634.0,21423.0,3186.0,31054.0,603.0,22416.0
2018,3,B6,26500,1703,56,7728,436455.0,24809,323048.0,24741,454095.0,179865.0,177440.0,10082.0,82065.0,1120.0,197873.0
2018,3,DL,81365,869,102,9634,483820.0,80519,-164260.0,80394,1380065.0,565558.0,223242.0,58621.0,136772.0,767.0,147204.0
2018,3,EV,21016,937,47,3404,169789.0,20092,81021.0,20032,377363.0,152313.0,107904.0,4709.0,65866.0,0.0,80457.0
2018,3,F9,9377,176,15,1830,98391.0,9201,42332.0,9187,147594.0,88947.0,34795.0,2022.0,29943.0,0.0,55021.0
2018,3,G4,9276,45,13,1939,107042.0,9234,73792.0,9218,122422.0,59673.0,53356.0,4332.0,18925.0,597.0,56980.0
2018,3,HA,6871,37,10,961,16709.0,6835,20857.0,6824,84262.0,48661.0,22516.0,1284.0,1013.0,112.0,13639.0
2018,3,MQ,23685,758,30,3152,73146.0,22941,-2488.0,22897,411551.0,196611.0,51492.0,8694.0,36280.0,266.0,62560.0
2018,3,NK,14841,257,20,1939,79527.0,14594,-6057.0,14564,220488.0,136716.0,32262.0,3657.0,58593.0,167.0,38496.0
2018,3,OH,23295,1231,43,4444,198952.0,22083,123412.0,22021,377671.0,182488.0,76193.0,8570.0,33568.0,259.0,116535.0
2018,3,OO,64597,978,210,10372,430689.0,63665,257450.0,63409,1284951.0,488549.0,245924.0,43727.0,166709.0,617.0,271815.0
2018,3,UA,49800,1109,90,6803,316498.0,48706,-63520.0,48601,910080.0,367601.0,113775.0,22798.0,147731.0,0.0,158877.0
2018,3,VX,6524,303,20,1642,76563.0,6223,50121.0,6201,130308.0,55399.0,27054.0,961.0,41752.0,457.0,27443.0
2018,3,WN,116420,2243,108,22257,1263742.0,114186,507361.0,114069,1406594.0,578806.0,351314.0,18308.0,157210.0,3485.0,525661.0
2018,3,YV,16075,402,31,2003,59314.0,15677,3521.0,15642,268437.0,117859.0,50887.0,8077.0,18325.0,379.0,41832.0
2018,3,YX,26928,2078,38,3904,111948.0,24861,-22091.0,24812,512445.0,207782.0,52295.0,8340.0,67645.0,204.0,83194.0
2018,4,9E,20901,541,60,3977,238981.0,19750,137374.0,19954,445104.0,145111.0,76396.0,19771.0,80842.0,55.0,137367.0
2018,4,AA,74384,456,161,11337,493096.0,73962,38006.0,73767,1381486.0,663475.0,242185.0,28982.0,158718.0,812.0,242304.0
2018,4,AS,21987,127,55,3466,37035.0,21867,-11743.0,21805,395016.0,168862.0,47859.0,1719.0,66009.0,727.0,47168.0
2018,4,B6,25836,331,91,7939,492384.0,25513,396094.0,25414,469459.0,184860.0,172790.0,12753.0,118087.0,596.0,253092.0
2018,4,DL,79013,268,138,10347,459115.0,78765,-51439.0,78607,1335886.0,553353.0,232160.0,40109.0,174881.0,402.0,173231.0
2018,4,EV,17644,243,51,3084,154876.0,17403,70075.0,17350,340448.0,130358.0,78736.0,8734.0,75990.0,0.0,77383.0
2018,4,F9,9615,93,9,2170,155472.0,9522,94473.0,9513,151422.0,92354.0,47386.0,1587.0,31242.0,0.0,91008.0
2018,4,G4,8146,30,22,1675,94411.0,8117,68555.0,8094,106675.0,53059.0,49900.0,4114.0,18785.0,250.0,49279.0
2018,4,HA,6741,10,8,813,10878.0,6733,16466.0,6723,80870.0,48939.0,22498.0,2060.0,1558.0,77.0,11150.0
2018,4,MQ,24068,580,62,3916,114561.0,23526,55593.0,23426,435283.0,198648.0,54692.0,17944.0,62448.0,114.0,82900.0
2018,4,NK,14548,100,30,2513,139766.0,14455,77987.0,14418,219317.0,139193.0,6240.0,232.0,180069.0,58.0,11065.0
2018,4,OH,23303,454,60,4293,211712.0,22869,146156.0,22789,394295.0,187108.0,72821.0,10526.0,40138.0,689.0,129289.0
2018,4,OO,62861,830,131,9697,349013.0,62077,197235.0,61900,1244577.0,472730.0,212456.0,55923.0,146425.0,363.0,256881.0
2018,4,UA,49937,94,97,7861,361046.0,49849,91955.0,49746,957980.0,374253.0,125418.0,23286.0,174993.0,0.0,207076.0
2018,4,WN,114117,1220,155,24043,1409506.0,112902,722004.0,112742,1392578.0,581298.0,402226.0,20882.0,171507.0,2276.0,633909.0
2018,4,YV,16726,214,38,2237,77551.0,16526,21305.0,16474,286288.0,117908.0,62233.0,9129.0,26097.0,221.0,49886.0
2018,4,YX,26219,660,56,4437,178824.0,25593,50786.0,25503,531231.0,211375.0,64575.0,18325.0,100623.0,76.0,112230.0
2018,5,9E,21097,221,46,3285,177612.0,20271,38935.0,20480,441581.0,152691.0,72655.0,21827.0,68640.0,14.0,86840.0
2018,5,AA,77957,966,240,15472,872852.0,77080,456674.0,76751,1423338.0,750211.0,323080.0,57843.0,247064.0,773.0,410229.0
2018,5,AS,22974,149,59,3975,61239.0,22835,38814.0,22766,413945.0,178888.0,51145.0,3639.0,83762.0,527.0,47843.0
2018,5,B6,26513,330,89,7269,408679.0,26190,288761.0,26094,472524.0,190919.0,149695.0,10404.0,112947.0,837.0,196539.0
2018,5,DL,81735,23,178,12078,554599.0,81715,121132.0,81534,1378892.0,593067.0,268261.0,46449.0,215322.0,993.0,184475.0
2018,5,EV,16661,180,59,2587,141061.0,16485,35826.0,16422,305528.0,129575.0,72753.0,12052.0,72835.0,0.0,56309.0
2018,5,F9,10297,100,27,2780,203543.0,10197,147623.0,10170,158562.0,102897.0,52692.0,1786.0,43766.0,0.0,120380.0
2018,5,G4,8033,26,17,1829,132160.0,8009,102850.0,7990,100340.0,54203.0,64093.0,5342.0,18949.0,249.0,64101.0
2018,5,HA,7054,8,5,636,1198.0,7047,3306.0,7041,83445.0,49801.0,17553.0,963.0,600.0,16.0,7514.0
2018,5,MQ,25364,939,87,4730,223525.0,24493,132650.0,24338,440653.0,220762.0,72107.0,31385.0,87537.0,422.0,126111.0
2018,5,NK,14889,83,27,2828,174039.0,14809,115456.0,14779,224649.0,147246.0,37487.0,11182.0,108324.0,480.0,67642.0
2018,5,OH,23869,557,82,5330,325715.0,23342,252684.0,23230,400338.0,199482.0,87887.0,32139.0,63966.0,457.0,182650.0
2018,5,OO,65157,684,219,11625,662755.0,64515,490734.0,64254,1273781.0,497529.0,269662.0,99642.0,222301.0,2527.0,359762.0
2018,5,UA,52816,328,213,10628,603412.0,52520,367757.0,52275,1021129.0,411749.0,163170.0,49545.0,273708.0,0.0,295974.0
2018,5,WN,116849,1445,248,25848,1601385.0,115414,848661.0,115156,1418634.0,609875.0,412470.0,40968.0,222064.0,3061.0,712005.0
2018,5,YV,17866,401,32,2751,150130.0,17477,61631.0,17434,288009.0,129286.0,65233.0,18178.0,35019.0,157.0,88349.0
2018,5,YX,27398,715,87,4742,206540.0,26734,44548.0,26596,541316.0,232631.0,68353.0,20580.0,111834.0,232.0,113743.0
2018,6,9E,21948,148,61,3918,234018.0,21088,90732.0,21348,480874.0,163062.0,79695.0,21199.0,81007.0,88.0,119172.0
2018,6,AA,78363,1397,254,18925,1077800.0,77053,751692.0,76712,1440956.0,782639.0,381238.0,85504.0,249569.0,1137.0,499293.0
2018,6,AS,23248,209,36,3839,60726.0,23050,-2181.0,23003,423624.0,189273.0,54618.0,3091.0,67682.0,803.0,44859.0
2018,6,B6,25860,253,71,6452,355072.0,25628,192375.0,25536,469374.0,186447.0,122597.0,14572.0,96242.0,643.0,170755.0
2018,6,DL,83653,131,271,15033,1089798.0,83526,475191.0,83251,1473546.0,634179.0,385447.0,115048.0,275277.0,529.0,391699.0
2018,6,EV,16559,173,83,3337,206491.0,16393,145530.0,16303,307029.0,130224.0,97453.0,9898.0,91782.0,0.0,80394.0
2018,6,F9,10207,291,17,3746,299113.0,9921,251932.0,9899,161966.0,108378.0,79320.0,4527.0,51319.0,0.0,171227.0
2018,6,G4,9776,220,24,2717,198166.0,9558,181077.0,9532,120954.0,68234.0,85252.0,10512.0,25785.0,282.0,100123.0
2018,6,HA,7303,25,7,647,3226.0,7280,2224.0,7271,87271.0,55468.0,20706.0,390.0,454.0,81.0,7797.0
2018,6,MQ,25961,1228,99,6350,317538.0,24831,272169.0,24634,468353.0,228336.0,97611.0,29466.0,112025.0,160.0,173333.0
2018,6,NK,15433,83,41,3460,201496.0,15352,153198.0,15309,237262.0,160701.0,21839.0,7893.0,180191.0,269.0,40186.0
2018,6,OH,23760,3300,63,5749,451511.0,20492,383480.0,20397,340386.0,185199.0,164448.0,26287.0,60034.0,434.0,218555.0
2018,6,OO,66909,723,255,13270,790270.0,66225,646900.0,65931,1331730.0,505685.0,325381.0,86456.0,218766.0,281.0,448146.0
2018,6,UA,55056,272,205,13168,763366.0,54806,606335.0,54579,1097700.0,438434.0,208799.0,52316.0,270975.0,25.0,415316.0
2018,6,WN,115939,1262,326,24303,1500772.0,114691,757006.0,114351,1411769.0,612143.0,400249.0,46171.0,201169.0,3921.0,664336.0
2018,6,YV,18527,406,34,3449,195429.0,18144,140357.0,18087,298844.0,137476.0,79429.0,24565.0,32896.0,322.0,110978.0
2018,6,YX,27691,573,81,5742,287229.0,27162,161111.0,27037,567199.0,242878.0,99723.0,18559.0,120233.0,179.0,144797.0
2018,7,9E,21462,657,59,4112,270375.0,20232,152873.0,20371,475596.0,156562.0,68447.0,25077.0,120929.0,2.0,135196.0
2018,7,AA,80736,1873,265,22048,1335452.0,78997,1022704.0,78598,1521456.0,811695.0,446046.0,104148.0,332175.0,2277.0,597944.0
2018,7,AS,24329,202,49,3909,78281.0,24136,901.0,24078,451735.0,196417.0,66545.0,3460.0,69936.0,730.0,54129.0
2018,7,B6,26671,643,74,8033,545183.0,26055,426627.0,25954,494483.0,191282.0,157546.0,28927.0,163149.0,781.0,261781.0
2018,7,DL,86544,128,288,13957,954952.0,86423,277873.0,86128,1517423.0,661828.0,303077.0,85044.0,303754.0,510.0,347042.0
2018,7,EV,16548,461,56,3263,201945.0,16104,150461.0,16031,299872.0,128069.0,90995.0,8153.0,87126.0,0.0,87265.0
2018,7,F9,10687,409,30,3866,282155.0,10277,230808.0,10248,166673.0,109557.0,73921.0,4976.0,58187.0,0.0,150083.0
2018,7,G4,10325,165,44,3195,211549.0,10160,205757.0,10116,131979.0,76206.0,74268.0,17832.0,41454.0,178.0,114460.0
2018,7,HA,7397,10,5,530,-4986.0,7387,-6493.0,7382,89506.0,53717.0,16818.0,103.0,442.0,132.0,4579.0
2018,7,MQ,26139,1070,68,5582,248740.0,25157,184736.0,25001,468578.0,226883.0,78039.0,22761.0,91731.0,450.0,144996.0
2018,7,NK,16093,156,43,4053,268317.0,15945,221425.0,15894,247326.0,169478.0,54469.0,16939.0,152653.0,209.0,92565.0
2018,7,OH,24352,628,98,5605,356000.0,23766,266917.0,23626,395674.0,211766.0,85098.0,36449.0,69855.0,430.0,195943.0
2018,7,OO,69455,642,242,12725,693907.0,68841,509898.0,68571,1365878.0,526647.0,325664.0,85171.0,172964.0,990.0,378012.0
2018,7,UA,57209,394,229,13611,878401.0,56845,683661.0,56586,1130695.0,453929.0,239360.0,64350.0,275054.0,0.0,456643.0
2018,7,WN,120114,2107,367,28136,1766772.0,118035,1013480.0,117640,1450437.0,651191.0,469499.0,63975.0,258111.0,4628.0,783208.0
2018,7,YV,19702,371,53,4554,270919.0,19350,241536.0,19278,324601.0,149847.0,97842.0,35862.0,50949.0,320.0,146970.0
2018,7,YX,27536,1167,82,5471,284390.0,26436,165059.0,26287,556792.0,235210.0,79557.0,21075.0,148630.0,103.0,146414.0
2018,8,9E,22820,1118,47,4603,337901.0,21189,226302.0,21322,496359.0,164452.0,93761.0,26019.0,147867.0,116.0,153849.0
2018,8,AA,80406,1417,297,20376,1150109.0,79073,883355.0,78692,1530038.0,809493.0,416681.0,87430.0,346709.0,1393.0,511197.0
2018,8,AS,23706,306,70,5554,188244.0,23425,154664.0,23330,460967.0,196046.0,81045.0,6005.0,126387.0,1032.0,84827.0
2018,8,B6,26623,700,94,8059,588977.0,25940,476227.0,25829,488713.0,193140.0,173647.0,23138.0,181567.0,1693.0,282151.0
2018,8,DL,87966,156,230,14290,921257.0,87822,265944.0,87580,1536003.0,681267.0,313154.0,66550.0,308364.0,811.0,332690.0
2018,8,EV,17365,636,58,3825,247795.0,16741,200422.0,16671,311129.0,135511.0,106676.0,12936.0,103446.0,0.0,101019.0
2018,8,F9,10710,268,17,3846,275131.0,10441,231145.0,10425,171169.0,109872.0,73821.0,2321.0,54110.0,0.0,156531.0
2018,8,G4,8170,13,21,1746,92884.0,8157,76332.0,8136,103981.0,59123.0,45148.0,12369.0,16464.0,290.0,49413.0
2018,8,HA,7570,39,15,581,9130.0,7533,5790.0,7516,90970.0,54702.0,26374.0,1488.0,1008.0,84.0,10594.0
2018,8,MQ,26429,1200,88,5511,240909.0,25310,187139.0,25141,477789.0,224188.0,70303.0,30184.0,116669.0,249.0,134226.0
2018,8,NK,16095,210,37,4058,288591.0,15902,240955.0,15848,245848.0,166749.0,63047.0,12322.0,148826.0,981.0,109879.0
2018,8,OH,24387,555,75,5722,352169.0,23878,265733.0,23757,400975.0,222012.0,90980.0,38347.0,82306.0,213.0,195733.0
2018,8,OO,70727,1098,282,15346,991120.0,69692,842298.0,69347,1410039.0,530672.0,403937.0,87694.0,260689.0,1447.0,505719.0
2018,8,UA,57921,745,283,15875,1058171.0,57221,930417.0,56893,1167542.0,461229.0,260988.0,85066.0,381861.0,0.0,517654.0
2018,8,WN,115534,1928,333,23323,1381955.0,113628,696137.0,113273,1412173.0,608639.0,396455.0,48500.0,244155.0,2553.0,595891.0
2018,8,YV,19986,469,51,4395,272164.0,19538,242595.0,19466,330045.0,152590.0,116314.0,32759.0,46626.0,435.0,149512.0
2018,8,YX,28258,1495,74,5774,293303.0,26830,202300.0,26689,570261.0,237490.0,81102.0,22166.0,160484.0,426.0,155420.0
2018,9,9E,19676,143,39,3297,151341.0,19552,53396.0,19494,432283.0,142603.0,55757.0,13707.0,86607.0,0.0,90065.0
2018,9,AA,75129,1442,235,14618,699887.0,73758,429192.0,73452,1381902.0,732067.0,309229.0,63471.0,253623.0,8805.0,328853.0
2018,9,AS,21129,168,26,2931,8653.0,20968,-62468.0,20935,393527.0,165131.0,38276.0,1942.0,58968.0,500.0,32800.0
2018,9,B6,24427,260,53,5182,218152.0,24173,111607.0,24114,429301.0,173714.0,93588.0,12044.0,112694.0,323.0,119513.0
2018,9,DL,78075,112,134,8915,323139.0,77964,-233984.0,77829,1283693.0,576820.0,188598.0,28540.0,163076.0,695.0,133448.0
2018,9,EV,15456,284,58,3387,179807.0,15178,149709.0,15114,282907.0,123373.0,78738.0,10628.0,85357.0,0.0,84468.0
2018,9,F9,10352,326,12,3155,224993.0,10034,168718.0,10014,158133.0,103935.0,77303.0,1202.0,33564.0,0.0,123462.0
2018,9,G4,5724,65,18,935,40805.0,5659,17213.0,5641,70973.0,38973.0,25157.0,6242.0,6478.0,129.0,26091.0
2018,9,HA,6920,49,7,559,-4498.0,6872,-6516.0,6864,82015.0,47705.0,21805.0,230.0,268.0,70.0,5938.0
2018,9,MQ,24836,876,64,4109,136347.0,24002,75299.0,23896,439793.0,210310.0,54351.0,24505.0,84804.0,140.0,90642.0
2018,9,NK,13917,142,24,2037,108810.0,13776,21877.0,13751,202956.0,134204.0,33010.0,4629.0,75568.0,312.0,44044.0
2018,9,OH,22939,1224,73,3796,183274.0,21739,79425.0,21642,359628.0,186649.0,59692.0,20828.0,46224.0,239.0,119228.0
2018,9,OO,62749,544,182,9114,382099.0,62220,156288.0,62023,1186639.0,461161.0,220849.0,65737.0,136780.0,418.0,245057.0
2018,9,UA,52905,204,120,9110,398951.0,52708,232306.0,52581,1010918.0,411453.0,147762.0,47084.0,215435.0,32.0,224103.0
2018,9,WN,106972,1049,207,14831,774551.0,105936,66318.0,105716,1282901.0,546781.0,232714.0,28433.0,151311.0,5687.0,340548.0
2018,9,YV,18926,662,63,4596,290876.0,18282,269714.0,18201,317209.0,137554.0,113229.0,34735.0,48108.0,2305.0,161338.0
2018,9,YX,25617,582,52,4390,145796.0,25055,69283.0,24983,510428.0,212848.0,53353.0,13428.0,115365.0,74.0,102804.0
2018,10,9E,20943,89,35,3378,113620.0,20855,22368.0,20819,447394.0,150152.0,52770.0,7946.0,61393.0,62.0,85763.0
2018,10,AA,78963,676,195,15834,763948.0,78308,500094.0,78092,1456938.0,743394.0,323298.0,52750.0,225072.0,835.0,392378.0
2018,10,AS,21634,180,58,4089,73304.0,21461,21225.0,21396,427360.0,178903.0,48995.0,4436.0,77698.0,546.0,61749.0
2018,10,B6,24923,142,65,5085,195830.0,24788,107213.0,24716,430380.0,175787.0,102142.0,4353.0,94245.0,199.0,102904.0
2018,10,DL,82134,74,110,8017,259468.0,82063,-290668.0,81950,1337910.0,590777.0,175682.0,23271.0,115986.0,223.0,115274.0
2018,10,EV,15358,330,35,3400,180869.0,15038,164153.0,14993,291300.0,120114.0,85784.0,9064.0,88829.0,0.0,77446.0
2018,10,F9,10516,183,13,3143,191632.0,10340,144118.0,10320,164850.0,104066.0,63367.0,521.0,36786.0,0.0,107610.0
2018,10,G4,7597,26,12,1212,64238.0,7572,31437.0,7559,94148.0,49271.0,40944.0,3393.0,8911.0,264.0,36854.0
2018,10,HA,7159,13,9,622,91.0,7147,-4248.0,7137,85235.0,49329.0,19936.0,759.0,1178.0,303.0,6562.0
2018,10,MQ,26147,523,76,4479,131594.0,25674,71957.0,25548,467864.0,219582.0,54699.0,23818.0,74302.0,262.0,98684.0
2018,10,NK,13780,32,23,1467,43153.0,13750,-40085.0,13725,199095.0,131545.0,18726.0,1644.0,51721.0,355.0,20695.0
2018,10,OH,23969,441,69,3209,142970.0,23538,15425.0,23459,376472.0,196993.0,65835.0,6540.0,29475.0,173.0,96207.0
2018,10,OO,66562,311,188,10563,448122.0,66288,249226.0,66063,1299295.0,490363.0,261581.0,57550.0,153680.0,715.0,280819.0
2018,10,UA,55565,64,113,9874,349767.0,55511,188194.0,55388,1069296.0,424445.0,144298.0,22633.0,195406.0,0.0,218922.0
2018,10,WN,114663,648,175,18098,909949.0,114029,219465.0,113840,1397198.0,585156.0,275075.0,17965.0,148696.0,2066.0,402677.0
2018,10,YV,19306,532,46,4630,285723.0,18790,276064.0,18728,334294.0,139354.0,119775.0,31895.0,51771.0,928.0,155313.0
2018,10,YX,26882,221,60,4557,122609.0,26680,47988.0,26601,546060.0,225333.0,55756.0,5807.0,101710.0,151.0,94729.0
2018,11,9E,19499,255,38,4138,202013.0,19255,112868.0,19206,428122.0,141360.0,68297.0,16751.0,76074.0,199.0,122101.0
2018,11,AA,74564,510,119,13579,627277.0,74073,364046.0,73935,1369481.0,691396.0,297767.0,36307.0,200162.0,1216.0,286119.0
2018,11,AS,20577,300,75,3567,104544.0,20288,15845.0,20202,391822.0,163381.0,41932.0,12304.0,76111.0,619.0,72030.0
2018,11,B6,24589,175,46,6866,383042.0,24428,329490.0,24368,427979.0,175591.0,166391.0,6379.0,118923.0,781.0,185882.0
2018,11,DL,76236,104,125,12540,587700.0,76146,94595.0,76007,1333657.0,562943.0,230084.0,54811.0,210242.0,163.0,218743.0
2018,11,EV,14273,413,35,3601,228184.0,13868,217716.0,13825,285833.0,117198.0,103123.0,10229.0,93992.0,0.0,95259.0
2018,11,F9,9939,113,12,2842,158867.0,9834,114962.0,9814,163174.0,96440.0,52829.0,1557.0,40413.0,0.0,87159.0
2018,11,G4,7641,30,17,1584,76386.0,7612,57297.0,7594,100789.0,51095.0,39470.0,4424.0,18687.0,342.0,44541.0
2018,11,HA,6877,22,12,545,-8243.0,6856,-9788.0,6843,81367.0,47519.0,16061.0,709.0,606.0,51.0,4775.0
2018,11,MQ,24593,779,62,4458,157187.0,23847,100872.0,23752,455160.0,202594.0,57402.0,23904.0,76387.0,62.0,109921.0
2018,11,NK,14418,76,16,2490,112400.0,14350,51458.0,14326,218478.0,140193.0,35480.0,2194.0,83209.0,1813.0,38988.0
2018,11,OH,22766,358,55,4023,214646.0,22434,119663.0,22353,379966.0,187245.0,72291.0,7803.0,36924.0,322.0,137345.0
2018,11,OO,62263,847,214,12236,638503.0,61453,458911.0,61202,1313075.0,464658.0,268229.0,86386.0,215036.0,824.0,344559.0
2018,11,UA,51792,557,106,10813,552051.0,51260,421094.0,51129,1006357.0,396773.0,164081.0,49968.0,243778.0,0.0,274363.0
2018,11,WN,112224,938,150,19414,1076644.0,111315,290484.0,111136,1385273.0,580158.0,316931.0,21194.0,146662.0,2376.0,455191.0
2018,11,YV,18465,220,44,4140,200258.0,18260,191686.0,18201,335590.0,134366.0,102776.0,14923.0,36096.0,318.0,116370.0
2018,11,YX,25462,557,51,4941,180975.0,24926,113170.0,24854,533320.0,214668.0,69890.0,10825.0,105341.0,289.0,115134.0
2018,12,9E,20690,116,55,3370,203345.0,20579,13922.0,20519,449930.0,147881.0,78042.0,21721.0,52067.0,229.0,119827.0
2018,12,AA,76121,1386,184,13955,604658.0,74771,290414.0,74551,1375896.0,710353.0,274767.0,41538.0,189665.0,1788.0,282640.0
2018,12,AS,20872,203,49,3522,60211.0,20678,-43453.0,20620,400529.0,167396.0,42337.0,2934.0,69049.0,554.0,50807.0
2018,12,B6,25350,53,55,6344,377629.0,25297,267938.0,25242,444050.0,181272.0,179586.0,2667.0,86173.0,555.0,184591.0
2018,12,DL,75006,54,105,7987,306986.0,74954,-458295.0,74847,1322438.0,553788.0,167964.0,31520.0,119007.0,121.0,107164.0
2018,12,EV,13882,630,32,3455,215632.0,13263,188755.0,13220,273240.0,109930.0,83406.0,14814.0,91392.0,0.0,90157.0
2018,12,F9,9916,70,9,2459,134213.0,9851,71116.0,9837,162801.0,94624.0,50277.0,640.0,32444.0,0.0,73291.0
2018,12,G4,7672,62,26,1542,67193.0,7614,43154.0,7584,101138.0,50299.0,27657.0,8637.0,19903.0,385.0,45057.0
2018,12,HA,7214,6,5,827,6735.0,7208,4575.0,7203,86680.0,49402.0,22221.0,505.0,649.0,49.0,9566.0
2018,12,MQ,25596,572,75,5322,185929.0,25075,118323.0,24949,491190.0,211985.0,69900.0,24870.0,73943.0,215.0,117301.0
2018,12,NK,15013,52,21,2249,99776.0,14961,10636.0,14940,227359.0,147438.0,35778.0,3176.0,65251.0,246.0,35859.0
2018,12,OH,23061,1019,52,3876,181521.0,22057,68263.0,21990,368019.0,179538.0,67195.0,9239.0,33860.0,552.0,109234.0
2018,12,OO,64677,848,279,12898,757164.0,63870,440550.0,63550,1409865.0,489737.0,337361.0,95900.0,187086.0,1040.0,378866.0
2018,12,UA,51530,75,119,9788,442664.0,51465,241836.0,51336,990254.0,393012.0,156170.0,15291.0,194728.0,0.0,244243.0
2018,12,WN,113027,931,186,22854,1263548.0,112112,478713.0,111910,1390517.0,604222.0,374648.0,16765.0,151430.0,5763.0,545422.0
2018,12,YV,18576,432,41,3964,240390.0,18160,203298.0,18103,328973.0,133451.0,108190.0,25256.0,43595.0,372.0,118510.0
2018,12,YX,25639,243,60,4270,134659.0,25401,19941.0,25336,536249.0,214445.0,57145.0,9827.0,84872.0,120.0,93844.0
